run,turn,era,era_progress,dp,materials,rp,fame,researched,floors,placed,cap,minions,owned_tiles,met_dominion,met_dread,met_economy,met_innovation,rite,tiles,evo_depth,gear_mean,path_len
1,1,0,0,168,8,1,35,0,1,1,14,1,18,0,0,0,0,,100,0.00,-1.00,5
1,2,0,17,190,17,2,99,2,1,2,14,3,18,0,0,0,0,,100,0.00,-0.67,5
1,3,0,34,142,34,4,173,4,1,5,16,4,18,0,0,0,0,,100,0.25,-0.50,5
1,4,0,51,140,53,6,177,8,1,6,16,5,18,0,0,0,0,,100,0.20,-0.40,5
1,5,0,68,749,118,9,216,13,1,7,16,6,18,0,0,0,0,,100,0.33,-0.33,5
1,6,0,83,323,140,6,364,16,2,9,32,8,18,0,0,0,0,,200,0.38,-0.38,14
1,7,0,88,958,157,9,477,19,2,12,40,10,18,0,0,0,0,,800,0.30,-0.40,43
1,8,0,93,906,200,10,545,20,2,13,44,11,18,0,0,0,0,,1300,0.45,-0.36,65
1,9,0,98,986,242,12,621,22,2,14,48,13,18,0,0,0,0,,1800,0.46,-0.38,83
1,10,0,103,723,290,13,637,23,2,15,48,15,18,0,0,0,0,,1800,0.60,-0.40,83
1,11,0,108,1178,339,10,683,24,3,17,68,16,18,0,0,0,0,,2200,0.75,-0.38,104
1,12,0,113,503,377,7,735,24,3,23,72,17,19,0,0,0,0,,2700,0.76,-0.35,128
1,13,0,118,745,415,13,819,24,3,26,72,19,19,0,0,0,0,,2700,0.79,-0.37,128
1,14,0,123,886,463,11,872,25,3,28,72,20,19,0,0,0,0,,2700,0.90,-0.35,128
1,15,0,128,1411,533,14,895,25,3,30,72,22,19,0,0,0,0,,2700,0.91,-0.36,128
1,16,0,133,668,580,8,1058,28,4,32,88,23,20,0,0,0,0,,2800,0.96,-0.33,137
1,17,0,138,200,718,14,1116,29,4,34,92,24,20,0,0,0,0,,3100,1.00,-0.29,149
1,18,0,143,2721,788,12,1319,30,4,36,92,25,20,0,0,0,0,,3100,0.96,-0.30,149
1,19,0,148,1239,854,6,1417,30,4,38,100,26,20,0,0,0,0,,4300,0.96,-0.19,189
1,20,0,153,4390,980,10,1620,30,4,40,100,27,20,0,0,0,0,,4300,1.00,-0.09,189
1,21,0,158,5378,1102,7,2004,30,4,43,104,28,21,0,0,1,0,,5000,0.96,0.16,208
1,22,0,163,3147,1186,10,2289,30,4,45,104,29,21,0,0,1,0,,5000,0.97,0.55,208
1,23,0,165,4001,1282,6,2504,30,4,46,108,30,21,0,0,1,0,,5700,0.97,0.62,228
1,24,1,0,11127,1455,8,3034,31,4,47,108,32,21,0,0,0,0,,5700,0.91,0.55,228
1,25,1,17,3244,1472,2,4187,34,5,49,142,33,22,0,1,0,0,,6600,0.94,0.53,268
1,26,1,42,11386,1589,9,4820,35,5,52,154,35,22,0,1,0,1,,8900,1.11,0.47,335
1,27,1,67,20986,1757,10,5348,39,5,54,170,36,22,0,1,0,1,,12500,1.64,0.46,399
1,28,1,78,28377,2228,13,5596,48,5,82,170,47,22,0,1,0,1,,12500,1.85,0.56,399
1,29,1,83,21850,2388,18,6299,56,6,84,192,49,23,0,1,0,1,,12900,1.80,0.52,424
1,30,1,88,15767,2532,10,7667,64,6,110,204,58,23,0,1,0,1,,15000,1.97,0.65,485
1,31,1,93,44676,3211,13,8520,68,6,137,204,65,23,0,1,0,1,,15000,1.97,0.79,485
1,32,1,98,43527,3610,8,9765,74,6,167,204,77,23,0,1,0,1,,15000,1.97,0.97,485
1,33,1,103,47135,4129,17,10678,74,6,191,204,86,24,0,1,0,1,,15000,1.97,1.01,485
1,34,1,108,40688,4465,15,11381,75,6,204,204,96,24,0,1,0,1,,15000,1.95,1.02,485
1,35,1,113,67031,4772,13,12084,76,6,204,204,102,24,0,1,0,1,,15000,1.95,1.10,485
1,36,1,118,52772,5586,10,12787,77,6,204,204,114,24,0,1,0,1,,15000,1.94,1.07,485
1,37,1,123,43056,6288,17,13805,77,6,204,204,120,24,0,1,1,1,,15000,1.93,1.14,485
1,38,1,128,45489,6696,19,14578,79,6,204,204,125,25,0,1,1,1,,15000,1.91,1.22,485
1,39,1,133,40912,6755,14,15666,80,6,204,204,131,25,0,1,1,1,,15000,1.89,1.28,485
1,40,1,138,73501,6731,9,16824,81,6,204,204,133,25,0,1,1,1,,15000,1.89,1.40,485
1,41,1,143,48162,6668,18,17772,82,6,204,204,137,25,0,1,1,1,,15000,1.89,1.48,485
1,42,1,148,47869,6512,13,18825,83,6,204,204,138,26,0,1,1,1,,15000,1.89,1.57,485
1,43,1,153,45108,6345,9,19598,84,6,204,204,141,26,0,1,1,1,,15000,1.87,1.62,485
1,44,1,158,57395,6332,15,21106,84,6,204,204,144,26,0,1,1,1,,15000,1.85,1.66,485
1,45,1,163,109351,6301,10,23839,85,6,204,204,147,26,0,1,1,1,,15000,1.84,1.69,485
1,46,1,165,55015,5309,19,24830,85,6,204,204,149,27,0,1,0,1,,15000,1.83,1.79,485
1,47,2,0,48812,5475,9,26206,87,6,204,204,150,27,0,1,0,1,,15000,2.18,1.78,485
1,48,2,17,64387,5557,8,27582,90,6,204,204,153,27,0,1,0,1,,15000,2.25,1.79,485
1,49,2,34,62365,6225,15,28468,94,6,204,204,154,27,0,1,1,1,,15000,2.55,1.78,485
1,50,2,51,100026,6761,20,29451,98,6,204,204,155,28,0,1,1,1,,15000,2.73,1.76,485
1,51,2,68,22603,6857,15,30539,101,7,209,238,156,28,0,1,1,1,,17500,2.80,1.75,561
1,52,2,83,72963,8106,18,32152,111,7,228,238,157,28,0,1,1,1,,17500,2.92,1.75,561
1,53,2,88,85660,9284,17,33485,115,7,238,238,158,28,0,1,1,1,,17500,3.04,1.79,561
1,54,2,93,83695,9803,15,35408,119,7,238,238,160,29,0,1,1,1,,17500,3.04,1.87,561
1,55,2,98,143779,9089,14,36504,123,7,238,238,162,29,0,1,1,1,,17500,3.03,1.93,561
1,56,2,103,84608,8883,14,38580,127,7,238,238,168,29,0,1,1,1,,17500,3.07,1.95,561
1,57,2,108,95911,9612,24,40516,127,7,238,238,172,29,0,2,1,1,,17500,3.06,1.96,561
1,58,2,113,107067,9894,20,41997,128,7,238,238,174,30,0,2,1,1,,17500,3.05,2.00,561
1,59,2,118,114715,9787,16,43925,129,7,238,238,177,30,0,2,1,1,,17500,3.02,2.03,561
2,1,0,0,13,16,1,70,0,1,1,14,1,11,0,0,0,0,,100,0.00,-1.00,8
2,2,0,17,145,33,2,134,2,1,2,14,2,11,0,0,0,0,,100,0.00,-0.50,8
2,3,0,34,169,58,4,208,4,1,5,16,3,11,0,0,0,0,,100,0.00,-0.33,8
2,4,0,51,138,81,5,247,8,1,7,16,4,11,0,0,0,0,,100,0.00,-0.25,8
2,5,0,68,475,122,5,321,12,1,8,16,5,11,0,0,0,0,,100,0.00,-0.20,8
2,6,0,83,538,159,9,425,14,1,9,20,7,11,0,0,0,0,,400,0.29,-0.29,21
2,7,0,88,337,185,6,504,20,2,11,36,9,11,0,0,0,0,,500,0.33,-0.33,102
2,8,0,93,1418,244,9,583,21,2,12,40,10,11,0,0,0,0,,800,0.30,-0.30,44
2,9,0,98,913,274,10,724,22,2,13,44,11,11,0,0,0,0,,1300,0.45,-0.27,66
2,10,0,103,573,309,7,810,23,2,14,44,12,11,0,0,0,0,,1300,0.50,-0.25,66
2,11,0,108,918,355,14,925,23,2,15,48,13,11,0,0,0,0,,1800,0.54,-0.23,86
2,12,0,113,1196,407,10,1005,25,2,16,48,14,11,0,0,0,0,,1800,0.71,-0.21,86
2,13,0,118,1003,469,12,1048,25,2,17,48,15,11,0,0,0,0,,1800,0.80,-0.20,86
2,14,0,123,2270,543,15,1161,25,2,18,48,16,11,0,0,0,0,,1800,0.88,-0.13,86
2,15,0,128,1313,600,7,1244,28,3,20,64,17,12,0,0,0,0,,1900,0.88,-0.09,165
2,16,0,133,1375,655,7,1327,28,3,21,68,19,12,0,0,0,0,,2200,0.89,-0.13,104
2,17,0,138,3732,755,15,1555,28,3,22,72,21,12,0,0,0,0,,2700,0.95,-0.14,131
2,18,0,143,1115,802,10,1713,28,3,24,76,22,13,0,0,0,0,,3400,0.95,0.09,148
2,19,0,148,2502,897,13,1806,28,3,25,76,23,13,0,0,0,0,,3400,1.00,0.13,148
2,20,0,153,5345,985,8,2044,28,3,26,80,24,13,0,0,0,0,,4100,1.00,0.19,165
2,21,0,158,2924,1078,7,2142,29,4,28,96,25,14,0,0,0,0,,4200,0.96,0.18,243
2,22,0,163,1863,1142,6,2556,29,4,29,100,27,14,0,0,0,0,,4500,0.96,0.30,189
2,23,0,165,3724,1245,4,2965,29,4,31,104,28,14,0,0,0,0,,5000,0.96,0.36,207
2,24,1,0,5003,1394,3,3413,30,4,32,104,29,14,0,0,0,0,,5000,0.97,0.34,207
2,25,1,17,7671,1429,5,4421,33,4,34,112,30,15,0,1,0,1,,5000,1.47,0.33,207
2,26,1,42,11011,1682,13,5569,41,5,37,138,31,15,0,1,0,1,,5900,1.42,0.32,246
2,27,1,67,8072,1737,9,6922,42,5,39,154,32,15,0,1,0,1,,8900,1.88,0.69,323
2,28,1,78,18105,1852,5,8415,44,5,40,170,33,16,0,1,0,1,,12500,1.94,0.67,406
2,29,1,83,19293,2146,7,9493,53,5,64,170,41,16,0,1,0,1,,12500,1.93,0.85,406
2,30,1,88,13703,2412,1,11626,64,5,88,170,52,16,0,1,0,1,,12500,1.96,0.87,406
2,31,1,93,18850,3414,5,13454,67,5,112,170,58,17,0,1,0,1,,12500,1.97,1.03,406
2,32,1,98,11815,3500,9,15430,72,5,136,170,65,17,0,1,0,1,,12500,1.98,1.14,406
2,33,1,103,33422,4429,6,16308,73,5,149,170,66,17,0,1,0,1,,12500,1.97,1.42,406
2,34,1,108,44313,5293,10,18201,73,6,153,192,67,17,0,1,0,1,,12900,1.94,1.42,430
2,35,1,113,34815,5944,8,19744,73,6,177,196,77,18,0,1,0,1,,13400,1.94,1.38,452
2,36,1,118,49292,7142,7,20412,73,6,200,200,81,18,0,1,1,1,,14100,1.91,1.52,464
2,37,1,123,47471,7450,14,21045,73,6,200,200,89,18,0,1,1,1,,14100,1.91,1.53,464
2,38,1,128,36774,8208,8,22028,73,6,204,204,95,18,0,1,1,1,,15000,1.89,1.59,486
2,39,1,133,41009,8947,15,22761,73,6,204,204,101,18,0,1,1,1,,15000,1.84,1.64,486
2,40,1,138,24720,9152,10,24475,75,6,204,204,104,18,0,1,1,1,,15000,1.83,1.77,486
2,41,1,143,58987,9562,6,26644,77,6,204,204,106,18,0,1,1,1,,15000,1.82,1.84,486
2,42,1,148,50405,9701,11,28259,77,6,204,204,114,18,0,1,1,1,,15000,1.78,1.82,486
2,43,1,153,33355,9642,15,30195,77,6,204,204,116,18,0,1,1,1,,15000,1.78,1.91,486
2,44,1,158,42440,10143,8,31458,78,6,204,204,118,18,0,1,1,1,,15000,1.77,1.94,486
2,45,1,163,18908,10163,3,33281,79,6,204,204,120,18,0,1,1,1,,15000,1.77,2.00,486
2,46,1,165,36109,10352,6,34894,79,6,204,204,122,18,0,1,1,1,,15000,1.75,2.00,486
2,47,2,0,47050,11492,5,36052,80,6,204,204,124,18,0,1,1,1,,15000,1.99,1.96,486
2,48,2,17,44399,11846,11,36825,84,6,204,204,126,18,0,1,1,1,,15000,2.25,1.98,486
2,49,2,34,51542,12478,13,37493,86,6,204,204,128,18,0,1,1,1,,15000,2.47,1.95,486
2,50,2,51,28535,12641,7,39386,91,6,204,204,130,18,0,1,1,1,,15000,2.63,1.91,486
2,51,2,68,39186,12916,12,40579,96,6,204,204,131,18,0,2,1,1,,15000,2.82,1.89,486
2,52,2,83,62241,13538,21,41352,106,6,204,204,133,18,0,2,1,1,,15000,3.06,1.86,486
2,53,2,88,64431,13808,20,42575,110,6,204,204,135,18,0,2,1,1,,15000,3.16,1.90,486
2,54,2,93,69655,13691,17,43723,114,6,204,204,137,18,0,2,1,1,,15000,3.14,1.96,486
2,55,2,98,81902,15143,26,47187,118,7,208,234,138,18,0,2,1,1,,16600,3.12,1.95,547
2,56,2,103,58814,53407,13,49537,120,7,227,238,139,18,0,2,1,1,,17500,3.09,2.05,570
2,57,2,108,81186,188826,21,50977,120,7,238,238,141,18,0,2,1,1,,17500,3.11,2.09,570
2,58,2,113,95873,188662,19,51968,121,7,238,238,143,18,0,2,1,1,,17500,3.10,2.15,570
2,59,2,118,118215,188215,17,54036,122,7,238,238,145,18,0,2,1,1,,17500,3.10,2.22,570
2,60,2,123,103576,187270,10,55544,123,7,238,238,146,18,0,2,1,1,,17500,3.11,2.34,570
2,61,2,128,89438,187169,18,56842,123,7,238,238,148,18,0,2,1,1,,17500,3.09,2.41,570
2,62,2,133,97671,186887,12,58140,124,7,238,238,150,18,0,2,1,1,,17500,3.08,2.45,570
2,63,2,138,61972,186326,17,60068,124,7,238,238,151,18,0,2,1,1,,17500,3.09,2.52,570
2,64,2,143,98643,186306,14,60849,125,7,238,238,153,18,0,2,1,1,,17500,3.08,2.52,570
2,65,2,148,113839,185659,22,62540,125,7,238,238,155,18,0,2,1,1,,17500,3.08,2.56,570
2,66,2,153,87413,184946,15,64085,126,7,238,238,157,18,0,2,1,1,,17500,3.09,2.61,570
2,67,2,158,107808,184374,27,64895,126,7,238,238,159,18,0,2,1,1,,17500,3.08,2.64,570
2,68,2,163,86756,183388,18,66678,127,7,238,238,161,18,0,2,1,1,,17500,3.07,2.66,570
