run,turn,N,b,g,A,D,E,busy_sec,lambda,mu,rho,q_max,L,K,lord_hp_start,lord_hp_end,sigma_start,sigma_end,grave,burned,engaged_sec,mu_eng,rho_eng,eng_max,contact_sec,dt_mean,fatigue_end,adv_power,adv_power_max,def_power,def_count
1,1,5,2,8.8,5,2,3,34.05,0.268,0.059,4.568,3,6,1,1,1,1,1,0,0,14.117,0.142,1.894,2,3.372,0.017,0,50.777,13.221,112.869,6
1,2,5,2,8.6,5,2,3,39.433,0.274,0.051,5.407,4,6,3,1,1,1,1,0,0,22.966,0.087,3.149,4,5.57,0.017,0,115.215,36.081,112.869,6
1,3,5,2,8.4,5,2,3,40.883,0.28,0.049,5.731,4,24,3,1,1,1,1,0,0,39.633,0.05,5.556,3,7.337,0.017,0,84.603,20.323,170.07,7
1,4,6,2,8.2,6,4,2,38.3,0.337,0.104,3.231,4,24,4,1,1,1,1,0,0,37.75,0.106,3.184,3,4.767,0.017,0,171.601,52.168,201.644,8
1,5,7,3,8,7,4,3,30.666,0.395,0.13,3.026,6,24,6,1,1,1,1,0,0,30.666,0.13,3.026,5,3.193,0.017,0,214.082,55.838,190.865,8
1,6,8,3,7.8,8,5,3,24.116,0.452,0.207,2.182,7,31,8,1,1,1,1,0,0,21.833,0.229,1.975,7,0.26,0.017,0,228.512,39.903,200.032,8
1,7,8,3,7.6,8,6,2,25.25,0.463,0.238,1.948,5,52,10,1,1,1,1,0,0,20.3,0.296,1.566,5,0.581,0.017,0,383.497,131.691,210.005,8
1,8,10,4,7.4,10,6,4,42.6,0.569,0.141,4.038,8,71,3,1,1,1,1,0,0,17.5,0.343,1.659,8,1.742,0.017,0,319.648,48.346,491.138,9
1,9,10,4,7.2,10,10,0,18.183,0.582,0.55,1.058,8,71,4,1,1,1,1,0,0,15.967,0.626,0.929,8,0.247,0.017,0,435.812,67.049,510.937,9
1,10,10,4,7,10,7,3,59.799,0.596,0.117,5.09,8,71,5,1,1,1,1,0,0,19.883,0.352,1.692,7,3.958,0.017,0,513.238,115.179,498.079,9
1,11,11,4,6.8,11,9,2,40.5,0.657,0.222,2.958,9,83,5,1,1,1,1,0,0,14.033,0.641,1.025,7,2.326,0.017,0,484.07,65.45,550.179,9
1,12,12,4,6.6,12,10,2,39.366,0.719,0.254,2.832,11,83,6,1,1,1,1,0,0,33.033,0.303,2.376,8,2.313,0.017,0,870.172,279.224,596.613,9
1,13,25,7,6.4,25,23,2,46.783,0.967,0.492,1.967,24,83,7,1,1,1,1,0,0,33.45,0.688,1.407,13,3.532,0.017,0,1676.211,137.699,688.437,9
1,14,32,7,6.2,32,23,9,52.999,0.954,0.434,2.198,14,90,9,1,1,1,1,0,0,30.4,0.757,1.261,9,2.56,0.017,0,1945.298,140.171,801.435,10
1,15,14,5,6,14,12,2,39.666,0.865,0.303,2.86,10,126,9,1,1,1,1,0,0,31.216,0.384,2.25,9,0.365,0.017,0,1385.458,398.224,946.324,10
1,16,17,6,5.8,17,15,2,50.699,1.01,0.296,3.413,12,147,2,1,1,1,1,0,0,27.216,0.551,1.832,8,0.956,0.017,0,1579.606,141.524,1204.342,10
1,17,18,6,5.6,18,15,3,64.366,1.072,0.233,4.602,11,190,3,1,1,1,1,0,0,37.916,0.396,2.711,7,3.672,0.017,0,1795.382,234.341,1343.537,10
1,18,12,4,5.4,12,11,1,26.483,0.84,0.415,2.023,7,190,4,1,1,1,1,0,0,24.466,0.45,1.869,6,0.954,0.017,0,1204.042,259.281,1435.092,10
1,19,22,7,5.2,22,16,6,60.216,0.99,0.266,3.724,21,190,5,1,1,1,1,0,0,44.733,0.358,2.766,6,3.334,0.017,0,2355.768,192.382,1616.665,9
1,20,29,7,5,29,23,6,130.246,1.009,0.177,5.715,15,217,7,1,1,1,1,0,0,35.883,0.641,1.575,10,8.821,0.017,0,6176.226,775.925,1755.252,10
1,21,25,7,5,25,20,5,62.433,1.102,0.32,3.44,24,217,9,1,1,1,1,0,0,37.383,0.535,2.06,8,2.15,0.017,0,3166.967,247.811,1855.441,10
1,22,27,7,5,27,16,11,95.506,1.155,0.168,6.892,19,217,12,1,1,1,1,0,0,43.3,0.37,3.125,10,6.464,0.017,0,4458.972,580.591,1971.101,10
1,23,29,7,5,29,20,9,79.936,1.009,0.25,4.034,27,226,14,1,1,1,1,0,0,30.35,0.659,1.532,12,4.37,0.017,0,6396.033,1155.399,2162.212,11
1,24,42,7,5,42,25,17,184.216,1.172,0.136,8.633,30,263,15,1,1,1,1,0,0,63.133,0.396,2.959,14,7.272,0.017,0,9583.296,668.082,2124.926,11
1,25,41,7,5,41,18,23,106.608,1.215,0.169,7.195,29,337,15,1,0.85,1,0.85,0,0,59.749,0.301,4.033,11,7.312,0.017,0,22560.95,2272.409,2266.228,11
1,26,48,8,5,48,22,26,146.425,1.422,0.15,9.466,42,422,16,0.85,1,0.85,1,0,0,57.333,0.384,3.706,28,8.496,0.017,0,17062.11,1170.921,2651.669,12
1,27,56,10,5,56,29,27,188.965,1.503,0.153,9.796,46,422,42,1,1,1,1,0,0,56.783,0.511,2.944,35,5.435,0.017,0,27521.98,1356.991,4031.769,13
1,28,61,11,5,61,44,17,194.997,1.735,0.226,7.691,59,422,66,1,1,1,1,0,0,56.599,0.777,2.232,45,11.092,0.017,0,48213.85,8679.134,23860.13,22
1,29,63,11,5,63,44,19,192.714,1.757,0.228,7.697,62,506,68,1,1,1,1,0,0,56.433,0.78,2.254,46,9.394,0.017,0,49128.83,1962.732,34776.77,25
1,30,65,11,5,65,34,31,191.431,2.009,0.178,11.313,64,506,97,1,1,1,1,0,0,70.617,0.481,4.173,25,13.054,0.017,0,100033.1,8348.209,50616.1,31
1,31,66,11,5,66,46,20,183.383,1.916,0.251,7.638,64,506,127,1,1,1,1,0,0,51.233,0.898,2.134,34,5.723,0.017,0,53774.94,1718.86,68760.31,33
1,32,67,12,5,67,43,24,194.997,1.887,0.221,8.559,66,506,151,1,1,1,1,0,0,55.166,0.779,2.421,38,9.391,0.017,0,89059.43,14049.38,85861.97,39
1,33,68,12,5,68,43,25,162.271,2.015,0.265,7.603,68,506,175,1,1,1,1,0,0,64.149,0.67,3.006,45,12.12,0.017,0,77366.1,3255.958,111773.9,38
1,34,68,12,5,68,47,21,171.286,1.843,0.274,6.716,66,506,179,1,1,1,1,0,0,62.099,0.757,2.435,33,6.733,0.017,0,87928.38,15798.22,145437.6,38
1,35,68,12,5,68,46,22,194.997,2.058,0.236,8.722,67,506,179,1,1,1,1,0,0,62.616,0.735,2.801,54,7.4,0.017,0,164642.9,7850.273,152018.4,39
1,36,73,13,5,73,48,25,192.297,2.036,0.25,8.158,71,506,179,1,1,1,1,0,0,69.2,0.694,2.936,36,9.219,0.017,0,127440.3,28356.05,189056.4,40
1,37,40,7,5,40,31,9,192.997,1.223,0.161,7.616,36,506,179,1,1,1,1,0,0,52.149,0.594,2.058,24,5.315,0.017,0,64956.33,5822.479,230046.9,37
1,38,84,14,5,84,46,38,194.997,2.438,0.236,10.336,77,506,179,1,1,1,1,0,0,65.116,0.706,3.452,41,10.841,0.017,0,173286.7,19693.88,255850.4,40
1,39,73,13,5,73,58,15,187.248,2.098,0.31,6.772,66,506,179,1,1,1,1,0,0,48.716,1.191,1.762,51,8.158,0.017,0,130073.1,7593.695,269882,38
1,40,78,13,5,78,53,25,194.48,2.311,0.273,8.481,77,506,179,1,1,1,1,0,0,66.383,0.798,2.895,42,14.613,0.017,0,282015.9,11401.54,329493.5,39
1,41,73,13,5,73,49,24,189.381,2.017,0.259,7.794,72,506,179,1,1,1,1,0,0,62.299,0.787,2.564,47,8.914,0.017,0,168865.3,6631.766,414283.6,40
1,42,117,20,5,117,56,61,191.831,3.027,0.292,10.37,111,506,179,1,1,1,1,0,0,91.172,0.614,4.928,45,12.121,0.017,0,282357.1,9860.394,445521.2,41
1,43,73,13,5,73,49,24,188.665,2.119,0.26,8.159,72,506,179,1,1,1,1,0,0,61.283,0.8,2.65,59,4.434,0.017,0,189693.1,8277.801,445936.3,40
1,44,73,13,5,73,57,16,192.914,2.098,0.295,7.1,72,506,179,1,1,1,1,0,0,67.167,0.849,2.472,44,9.883,0.017,0,185050.3,7206.989,552421.2,37
1,45,85,15,5,85,60,25,187.748,2.418,0.32,7.567,84,506,179,1,1,1,1,0,0,60.816,0.987,2.451,62,11.058,0.017,0,415670.5,20950.75,490092.4,40
1,46,78,13,5,78,59,19,187.948,2.311,0.314,7.362,71,506,179,1,1,1,1,0,0,79.352,0.744,3.108,57,9.64,0.017,0,255727.1,7288.257,421040.7,40
1,47,78,13,5,78,38,40,189.914,2.287,0.2,11.432,72,506,179,1,1,1,1,0,0,55.283,0.687,3.328,38,8.691,0.017,0,277057.7,14081.78,485886.2,38
1,48,79,14,5,79,62,17,184.899,2.293,0.335,6.839,64,506,179,1,1,1,1,0,0,64.733,0.958,2.394,47,5.387,0.017,0,343915.3,22444.41,446552.8,40
1,49,83,14,5,83,75,8,102.507,2.385,0.732,3.26,56,506,179,1,1,1,1,0,0,65.966,1.137,2.098,35,10.926,0.017,0,418560.9,37085.93,375791.1,39
1,50,87,15,5,87,80,7,188.065,2.475,0.425,5.819,78,506,179,1,1,1,1,0,0,85.62,0.934,2.649,45,13.965,0.017,0,533070.3,15056.45,382430.9,41
1,51,91,16,5,91,63,28,175.918,2.538,0.358,7.088,71,591,180,1,1,1,1,0,0,66.75,0.944,2.689,38,10.322,0.017,0,427886.3,39937.14,360956.1,40
1,52,158,27,5,158,119,39,194.163,4.282,0.613,6.986,152,591,202,1,1,1,1,0,0,88.654,1.342,3.19,117,8.139,0.017,0,761395.5,12526.78,356009,44
1,53,104,18,5,104,70,34,182.3,2.792,0.384,7.271,88,591,213,1,1,1,1,0,0,75.952,0.922,3.029,41,14.306,0.017,0,543904.4,60003.51,366139.5,44
1,54,104,18,5,104,89,15,183.033,2.792,0.486,5.742,84,591,213,1,1,1,1,0,0,75.485,1.179,2.368,51,6.585,0.017,0,510152.3,17939.61,337144.8,44
1,55,107,18,5,107,87,20,159.222,3.138,0.546,5.743,102,591,213,1,1,1,1,0,0,79.519,1.094,2.868,68,6.311,0.017,0,721203.3,19528.96,351135.5,46
1,56,125,21,5,125,86,39,133.612,3.487,0.644,5.417,108,591,213,1,1,1,1,0,0,71.684,1.2,2.906,72,9.602,0.017,0,645003.1,12843.12,352953,45
1,57,115,20,5,115,96,19,190.148,3.272,0.505,6.48,108,591,213,1,1,1,1,0,0,80.986,1.185,2.76,65,4.855,0.017,0,595376.8,16203.45,358891.3,44
1,58,116,20,5,116,89,27,189.931,3.333,0.469,7.114,104,591,213,1,1,1,1,0,0,99.207,0.897,3.716,74,12.271,0.017,0,728521.5,16152.41,365183.7,46
1,59,116,20,5,116,91,25,149.241,3.437,0.61,5.637,108,591,213,1,1,1,1,0,0,90.572,1.005,3.421,68,6.941,0.017,0,744367.1,14713.71,414992.1,44
1,60,64,11,5,64,60,4,167.503,1.978,0.358,5.523,59,591,213,1,1,1,1,0,0,60.983,0.984,2.011,50,5.273,0.017,0,680828.8,25140.9,380395.9,43
1,61,116,20,5,116,81,35,175.818,3.085,0.461,6.697,105,591,213,1,1,1,1,0,0,76.485,1.059,2.913,68,12.343,0.017,0,756436.9,21977.68,383176.4,45
1,62,116,20,5,116,89,27,190.414,3.367,0.467,7.204,110,591,213,1,1,1,1,0,0,93.189,0.955,3.526,57,11.381,0.017,0,784299.8,12811.09,385795.8,45
1,63,116,20,5,116,85,31,188.082,3.437,0.452,7.605,110,591,213,1,1,1,1,0,0,84.82,1.002,3.43,65,12.255,0.017,0,773811,19677.74,385179.6,44
1,64,64,11,5,64,36,28,111.926,1.978,0.322,6.151,61,591,213,1,1,1,1,0,0,55.683,0.647,3.06,36,7.194,0.017,0,474320.7,18464.17,423726.3,43
1,65,116,20,5,116,84,32,185.582,3.402,0.453,7.516,112,591,213,1,0.916,1,0.916,0,0,89.171,0.942,3.611,77,5.431,0.017,0,1218830,25380.94,356720,47
1,66,127,22,5,127,98,29,186.599,3.884,0.525,7.395,115,591,213,0.916,1,0.916,1,0,0,88.588,1.106,3.511,87,8.347,0.017,0,961708.8,27697.99,360704.1,45
1,67,116,20,5,116,81,35,187.282,3.236,0.433,7.481,113,591,213,1,1,1,1,0,0,94.189,0.86,3.763,87,9.933,0.017,0,826735.6,16484.83,418006,45
