run,turn,N,b,g,A,D,E,busy_sec,lambda,mu,rho,q_max,L,K,lord_hp_start,lord_hp_end,sigma_start,sigma_end,grave,burned
1,1,4,2,8.8,4,2,2,36.644,0.319,0.055,5.848,4,9,1,1,1,1,1,0,0
1,2,5,2,8.6,5,5,0,26.544,0.244,0.188,1.297,3,9,5,1,1,1,1,0,0
1,3,6,2,8.4,6,5,1,27.964,0.298,0.179,1.664,3,9,8,1,1,1,1,0,0
1,4,7,3,8.2,7,7,0,36.893,0.376,0.19,1.98,4,9,9,1,1,1,1,0,0
1,5,8,3,8,8,7,1,28.551,0.398,0.245,1.622,4,9,9,1,1,1,1,0,0
1,6,9,3,7.8,9,9,0,35.412,0.439,0.254,1.729,5,9,9,1,1,1,1,0,0
1,7,10,4,7.6,10,9,1,25.418,0.509,0.354,1.436,4,9,9,1,1,1,1,0,0
1,8,11,4,7.4,11,10,1,30.736,0.551,0.325,1.693,8,9,9,1,1,1,1,0,0
1,9,19,7,7.2,19,18,1,31.943,0.872,0.564,1.548,9,9,9,1,1,1,1,0,0
1,10,13,5,7,13,13,0,34.92,0.623,0.372,1.673,7,9,9,1,1,1,1,0,0
1,11,14,5,6.8,14,14,0,33.024,0.702,0.424,1.655,9,9,9,1,1,1,1,0,0
1,12,15,5,6.6,15,7,8,35.452,0.731,0.197,3.704,7,9,9,1,1,1,1,0,0
1,13,16,6,6.4,16,16,0,34.801,0.781,0.46,1.698,11,9,9,1,1,1,1,0,0
1,14,17,6,6.2,17,16,1,29.935,0.9,0.534,1.683,10,9,9,1,1,1,1,0,0
1,15,18,6,6,18,18,0,34.078,0.922,0.528,1.746,11,9,9,1,1,1,1,0,0
1,16,21,7,5.8,21,21,0,32.636,0.912,0.643,1.417,14,9,9,1,1,1,1,0,0
1,17,22,7,5.6,22,9,13,35.642,0.811,0.253,3.21,16,9,9,1,1,1,1,0,0
1,18,28,7,5.4,28,25,3,44.647,0.919,0.56,1.64,14,9,9,1,1,1,1,0,0
1,19,29,7,5.2,29,27,2,37.859,0.912,0.713,1.279,16,9,9,1,0.933,1,0.933,0,0
1,20,23,7,5,23,19,4,38.234,0.964,0.497,1.939,17,9,9,0.933,0.955,0.933,0.955,0,0
1,21,30,7,5,30,24,6,41.483,0.915,0.579,1.582,16,9,9,0.955,0.22,0.955,0.22,1,1
1,22,23,7,5,23,20,3,40.651,0.914,0.492,1.858,16,9,9,0.22,0.233,0.22,0.233,0,0
1,23,23,7,5,23,17,6,31.232,0.967,0.544,1.777,16,9,9,0.233,0.22,0.233,0.22,1,1
1,24,23,7,5,23,21,2,33.332,0.961,0.63,1.526,12,9,9,0.22,0.326,0.22,0.326,0,0
1,25,23,7,5,23,17,6,45.383,0.828,0.375,2.211,16,9,9,0.326,0.22,0.326,0.22,1,1
1,26,24,7,5,24,23,1,35.38,0.875,0.65,1.346,16,9,9,0.22,0.22,0.22,0.22,1,1
1,27,38,7,5,38,26,12,46.944,0.891,0.554,1.609,16,9,9,0.22,0.44,0.22,0.44,0,0
1,28,26,7,5,26,13,13,42.96,0.924,0.303,3.053,17,9,9,0.44,0.78,0.44,0.78,0,0
1,29,26,7,5,26,13,13,35.117,1.028,0.37,2.778,19,9,9,0.78,0.22,0.78,0.22,1,1
1,30,31,7,5,31,10,21,48.762,0.879,0.205,4.285,18,9,9,0.22,0.22,0.22,0.22,1,1
1,31,29,7,5,29,25,4,37.664,0.885,0.664,1.334,15,9,9,0.22,0.22,0.22,0.22,1,1
1,32,16,6,5,16,15,1,34.577,0.834,0.434,1.923,12,9,9,0.22,0.22,0.22,0.22,1,1
1,33,28,7,5,28,11,17,36.872,0.948,0.298,3.178,18,9,9,0.22,0.22,0.22,0.22,1,1
2,1,4,2,8.8,4,2,2,24.755,0.341,0.081,4.218,3,7,1,1,1,1,1,0,0
2,2,5,2,8.6,5,4,1,28.024,0.246,0.143,1.722,4,7,4,1,1,1,1,0,0
2,3,6,2,8.4,6,5,1,27.874,0.298,0.179,1.662,3,7,7,1,1,1,1,0,0
2,4,7,3,8.2,7,7,0,17.531,0.383,0.399,0.959,4,7,7,1,1,1,1,0,0
2,5,11,4,8,11,11,0,22.495,0.516,0.489,1.056,6,7,7,1,1,1,1,0,0
2,6,9,3,7.8,9,7,2,16.499,0.431,0.424,1.016,4,7,7,1,1,1,1,0,0
2,7,10,4,7.6,10,9,1,22.462,0.501,0.401,1.249,5,7,7,1,1,1,1,0,0
2,8,11,4,7.4,11,10,2,24.22,0.554,0.413,1.341,5,7,7,1,1,1,1,0,0
2,9,12,4,7.2,12,11,1,21.388,0.653,0.514,1.27,6,7,7,1,1,1,1,0,0
2,10,13,5,7,13,11,2,22.884,0.62,0.481,1.29,6,7,7,1,1,1,1,0,0
2,11,8,3,6.8,8,8,0,21.749,0.435,0.368,1.183,4,7,7,1,1,1,1,0,0
2,12,15,5,6.6,15,15,0,26.228,0.742,0.572,1.298,8,7,7,1,1,1,1,0,0
2,13,22,7,6.4,22,20,3,28.258,0.746,0.708,1.054,10,7,7,1,1,1,1,0,0
2,14,17,6,6.2,17,16,1,25.388,0.897,0.63,1.423,7,7,7,1,1,1,1,0,0
2,15,22,7,6,22,19,3,26.686,0.766,0.712,1.076,11,7,7,1,1,1,1,0,0
2,16,26,7,5.8,26,24,3,38.443,0.881,0.624,1.411,12,7,7,1,0.22,1,0.22,1,1
2,17,20,7,5.6,20,20,0,33.409,0.908,0.599,1.517,14,7,7,1,0.44,0.22,0.44,0,0
2,18,32,7,5.4,32,30,2,34.409,0.88,0.872,1.009,12,7,7,0.44,0.492,0.44,0.492,0,0
2,19,20,7,5.2,20,18,2,27.226,1.087,0.661,1.644,14,7,7,0.492,0.723,0.492,0.723,0,0
2,20,20,7,5,20,17,3,37.595,0.972,0.452,2.15,14,7,7,0.723,1,0.723,1,0,0
2,21,20,7,5,20,19,1,39.411,0.947,0.482,1.963,13,7,7,1,0.354,1,0.354,0,0
2,22,20,7,5,20,20,0,31.907,0.939,0.627,1.498,13,7,7,1,0.694,0.354,0.694,0,0
2,23,20,7,5,20,20,0,26.694,0.924,0.749,1.233,11,7,7,0.694,0.645,0.694,0.645,0,0
2,24,20,7,5,20,16,4,33.1,1.128,0.483,2.333,14,7,7,0.645,0.399,0.645,0.399,0,0
2,25,20,7,5,20,18,2,34.226,0.962,0.526,1.829,14,7,7,0.399,0.22,0.399,0.22,1,1
2,26,20,7,5,20,19,1,39.591,0.986,0.48,2.055,12,7,7,0.22,0.22,0.22,0.22,1,1
2,27,20,7,5,20,19,1,30.968,0.985,0.614,1.606,11,7,7,0.22,0.376,0.22,0.376,0,0
2,28,32,7,5,32,28,4,36.62,0.91,0.765,1.19,13,7,7,0.376,0.22,0.376,0.22,1,1
2,29,20,7,5,20,18,2,28.649,1.149,0.628,1.828,11,7,7,0.22,0.22,0.22,0.22,1,1
2,30,21,7,5,21,20,1,32.153,1.037,0.622,1.667,13,7,7,0.22,0.22,0.22,0.22,1,1
2,31,21,7,5,21,21,0,33.756,0.885,0.622,1.423,14,7,7,1,0.44,0.22,0.44,0,0
2,32,11,4,5,11,11,0,33.6,0.574,0.327,1.754,7,7,7,1,0.78,0.44,0.78,0,0
2,33,20,7,5,20,19,1,34.554,0.878,0.55,1.597,10,7,7,0.78,1,0.78,1,0,0
2,34,20,7,5,20,18,3,26.747,1.114,0.673,1.655,15,7,7,1,0.865,1,0.865,0,0
2,35,20,7,5,20,18,2,32.031,0.967,0.562,1.72,10,7,7,0.865,1,0.865,1,0,0
2,36,21,7,5,21,20,1,38.955,0.918,0.513,1.788,13,7,7,1,1,1,1,0,0
2,37,34,7,5,34,26,8,45.774,0.896,0.568,1.578,15,7,7,1,0.75,1,0.75,0,0
2,38,21,7,5,21,15,6,41.097,0.882,0.365,2.416,15,7,7,0.75,0.886,0.75,0.886,0,0
2,39,21,7,5,21,18,3,32.354,1.122,0.556,2.017,14,7,7,0.886,0.601,0.886,0.601,0,0
2,40,22,7,5,22,19,3,38.369,0.766,0.495,1.548,16,7,7,0.601,0.403,0.601,0.403,0,0
2,41,22,7,5,22,20,2,33.804,0.841,0.592,1.422,11,7,7,0.403,0.22,0.403,0.22,1,1
2,42,22,7,5,22,21,1,30.396,0.77,0.691,1.114,12,7,7,0.22,0.22,0.22,0.22,1,1
2,43,22,7,5,22,20,2,37.049,0.775,0.54,1.436,15,7,7,0.22,0.22,0.22,0.22,1,1
2,44,34,7,5,34,32,2,35.577,0.996,0.899,1.108,17,7,7,0.22,0.22,0.22,0.22,1,1
2,45,22,7,5,22,22,0,28.572,0.827,0.77,1.074,10,7,7,0.22,0.22,0.22,0.22,0,1
2,46,22,7,5,22,22,0,30.131,0.77,0.73,1.055,13,7,7,0.22,0.34,0.22,0.34,0,1
2,47,22,7,5,22,22,0,34.013,0.769,0.647,1.188,12,7,7,0.34,0.34,0.34,0.34,0,1
2,48,22,7,5,22,22,0,32.099,0.799,0.685,1.165,16,7,7,0.34,0.34,0.34,0.34,0,1
2,49,22,7,5,22,5,17,30.082,0.917,0.166,5.518,18,7,7,0.34,0.22,0.34,0.22,1,1
2,50,37,7,5,37,23,14,49.653,0.874,0.463,1.887,14,7,7,0.22,0.22,0.22,0.22,1,1
2,51,24,7,5,24,24,0,26.461,0.881,0.907,0.971,8,7,7,0.22,0.22,0.22,0.22,0,1
3,1,4,2,8.8,4,2,2,32.976,0.347,0.061,5.714,3,6,1,1,1,1,1,0,0
3,2,5,2,8.6,5,3,2,29.119,0.239,0.103,2.32,3,6,6,1,1,1,1,0,0
3,3,6,2,8.4,6,5,1,32.976,0.307,0.152,2.027,5,6,6,1,1,1,1,0,0
3,4,7,3,8.2,7,7,0,24.313,0.372,0.288,1.292,5,6,6,1,1,1,1,0,0
3,5,12,4,8,12,12,0,24.108,0.552,0.498,1.11,4,6,6,1,1,1,1,0,0
3,6,9,3,7.8,9,8,1,24.995,0.441,0.32,1.377,6,6,6,1,1,1,1,0,0
3,7,10,4,7.6,10,10,0,24.788,0.5,0.403,1.24,6,6,6,1,1,1,1,0,0
3,8,11,4,7.4,11,11,0,29.739,0.554,0.37,1.499,6,6,6,1,1,1,1,0,0
3,9,12,4,7.2,12,11,1,26.019,0.651,0.423,1.539,4,6,6,1,1,1,1,0,0
3,10,17,6,7,17,16,1,36.273,0.756,0.441,1.714,10,6,6,1,1,1,1,0,0
3,11,14,5,6.8,14,14,0,31.867,0.691,0.439,1.573,9,6,6,1,1,1,1,0,0
3,12,15,5,6.6,15,15,0,31.697,0.691,0.473,1.461,10,6,6,1,1,1,1,0,0
3,13,16,6,6.4,16,15,1,28.437,0.774,0.527,1.467,9,6,6,1,1,1,1,0,0
3,14,24,7,6.2,24,23,1,35.189,0.862,0.654,1.319,16,6,6,1,1,1,1,0,0
3,15,18,6,6,18,17,1,32.718,0.862,0.52,1.659,16,6,6,1,1,1,1,0,0
3,16,26,7,5.8,26,26,0,37.317,0.878,0.697,1.26,13,6,6,1,1,1,1,0,0
3,17,27,7,5.6,27,27,0,37.379,0.895,0.722,1.239,8,6,6,1,1,1,1,0,0
3,18,11,4,5.4,11,10,1,35.447,0.657,0.282,2.329,8,6,6,1,1,1,1,0,0
3,19,20,7,5.2,20,17,3,31.36,1.101,0.542,2.031,16,6,6,1,1,1,1,0,0
3,20,20,7,5,20,18,2,33.804,0.989,0.532,1.857,14,6,6,1,0.953,1,0.953,0,0
3,21,20,7,5,20,19,1,44.125,0.904,0.431,2.099,16,6,6,0.953,0.915,0.953,0.915,0,0
3,22,20,7,5,20,13,7,38.426,0.946,0.338,2.797,13,6,6,1,1,0.915,1,0,0
3,23,20,7,5,20,11,9,41.651,0.933,0.264,3.533,16,6,6,1,0.788,1,0.788,0,0
3,24,21,7,5,21,18,3,46.198,1.027,0.39,2.636,16,6,6,0.788,0.393,0.788,0.393,0,0
3,25,21,7,5,21,20,1,29.577,1.016,0.676,1.503,15,6,6,0.393,0.22,0.393,0.22,1,1
3,26,21,7,5,21,18,3,29.59,0.989,0.608,1.625,14,6,6,0.22,0.22,0.22,0.22,1,1
3,27,32,7,5,32,30,2,39.127,0.899,0.767,1.172,14,6,6,0.22,0.22,0.22,0.22,1,1
3,28,21,7,5,21,19,2,39.836,0.989,0.477,2.073,11,6,6,0.22,0.22,0.22,0.22,1,1
4,1,4,2,8.8,4,2,2,33.157,0.342,0.06,5.669,3,9,1,1,1,1,1,0,0
4,2,5,2,8.6,5,4,1,30.53,0.246,0.131,1.875,3,9,5,1,1,1,1,0,0
4,3,6,2,8.4,6,6,0,29.089,0.299,0.206,1.452,4,9,8,1,1,1,1,0,0
4,4,7,3,8.2,7,5,2,22.521,0.381,0.222,1.716,5,9,9,1,1,1,1,0,0
4,5,19,7,8,19,19,0,28.686,0.767,0.662,1.158,8,9,9,1,1,1,1,0,0
4,6,9,3,7.8,9,9,0,23.616,0.444,0.381,1.166,3,9,9,1,1,1,1,0,0
4,7,10,4,7.6,10,10,0,40.087,0.502,0.249,2.014,7,9,9,1,1,1,1,0,0
4,8,11,4,7.4,11,10,1,35.276,0.536,0.283,1.891,7,9,9,1,1,1,1,0,0
4,9,12,4,7.2,12,11,1,24.19,0.644,0.455,1.417,5,9,9,1,1,1,1,0,0
4,10,18,6,7,18,18,0,27.29,0.772,0.66,1.171,6,9,9,1,1,1,1,0,0
4,11,14,5,6.8,14,14,0,28.523,0.706,0.491,1.438,9,9,9,1,1,1,1,0,0
4,12,21,7,6.6,21,21,0,28.448,0.868,0.738,1.176,9,9,9,1,1,1,1,0,0
4,13,9,3,6.4,9,9,0,24.583,0.5,0.366,1.365,4,9,9,1,1,1,1,0,0
4,14,17,6,6.2,17,17,0,28.596,0.886,0.594,1.491,7,9,9,1,1,1,1,0,0
4,15,30,7,6,30,27,3,44.605,0.789,0.605,1.304,9,9,9,1,1,1,1,0,0
4,16,19,7,5.8,19,19,0,28.156,0.904,0.675,1.34,10,9,9,1,1,1,1,0,0
4,17,20,7,5.6,20,20,0,31.185,0.902,0.641,1.406,10,9,9,1,1,1,1,0,0
4,18,11,4,5.4,11,11,0,28.121,0.655,0.391,1.675,5,9,9,1,1,1,1,0,0
4,19,20,7,5.2,20,20,0,26.187,1.122,0.764,1.469,11,9,9,1,1,1,1,0,0
4,20,23,7,5,23,22,1,31.375,0.89,0.701,1.269,11,9,9,1,1,1,1,0,0
4,21,20,7,5,20,20,0,34.137,0.947,0.586,1.617,11,9,9,1,1,1,1,0,0
4,22,20,7,5,20,20,0,28.163,0.966,0.71,1.36,9,9,9,1,1,1,1,0,0
4,23,20,7,5,20,19,1,39.771,0.906,0.478,1.897,13,9,9,1,1,1,1,0,0
4,24,20,7,5,20,20,0,24.099,1.15,0.83,1.386,13,9,9,1,1,1,1,0,0
4,25,20,7,5,20,19,1,32.204,0.912,0.59,1.546,11,9,9,1,1,1,1,0,0
4,26,31,7,5,31,28,3,42.168,0.878,0.664,1.322,11,9,9,1,1,1,1,0,0
4,27,20,7,5,20,18,2,35.651,0.969,0.505,1.919,12,9,9,1,1,1,1,0,0
4,28,31,7,5,31,26,5,39.678,0.896,0.655,1.368,12,9,9,1,1,1,1,0,0
4,29,21,7,5,21,20,1,37.115,1.143,0.539,2.12,10,9,9,1,0.809,1,0.809,0,0
4,30,20,7,5,20,20,0,36.444,0.886,0.549,1.615,10,9,9,0.809,1,0.809,1,0,0
4,31,11,4,5,11,11,0,28.188,0.587,0.39,1.505,8,9,9,1,1,1,1,0,0
4,32,22,7,5,22,19,3,34.909,0.773,0.544,1.42,10,9,9,1,1,1,1,0,0
4,33,23,7,5,23,23,0,33.744,0.815,0.682,1.196,10,9,9,1,1,1,1,0,0
4,34,23,7,5,23,23,0,28.984,0.957,0.794,1.206,13,9,9,1,0.906,1,0.906,0,0
4,35,22,7,5,22,22,0,38.951,0.841,0.565,1.489,13,9,9,0.906,1,0.906,1,0,0
4,36,22,7,5,22,22,0,33.668,0.789,0.653,1.208,7,9,9,1,1,1,1,0,0
4,37,34,7,5,34,29,5,47.308,0.879,0.613,1.434,13,9,9,1,1,1,1,0,0
4,38,23,7,5,23,23,0,35.392,0.796,0.65,1.225,10,9,9,1,1,1,1,0,0
4,39,35,7,5,35,31,4,41.427,0.988,0.748,1.321,14,9,9,1,1,1,1,0,0
4,40,23,7,5,23,22,1,33.74,0.906,0.652,1.39,12,9,9,1,1,1,1,0,0
4,41,35,7,5,35,22,13,52.64,0.908,0.418,2.173,13,9,9,1,1,1,1,0,0
4,42,38,7,5,38,31,7,52.934,0.827,0.586,1.412,11,9,9,1,1,1,1,0,0
4,43,43,7,5,43,31,12,70.63,0.881,0.439,2.007,13,9,9,1,0.724,1,0.724,0,0
4,44,28,7,5,28,28,0,32.051,1.034,0.874,1.183,11,9,9,0.724,0.34,0.724,0.34,0,1
4,45,27,7,5,27,24,3,39.702,0.969,0.605,1.604,12,9,9,0.34,0.471,0.34,0.471,0,0
4,46,27,7,5,27,21,6,39.006,0.976,0.538,1.813,12,9,9,0.471,0.677,0.471,0.677,0,0
4,47,45,7,5,45,34,11,60.205,0.892,0.565,1.579,11,9,9,0.677,0.42,0.677,0.42,0,0
4,48,41,7,5,41,36,5,49.914,0.925,0.721,1.282,10,9,9,0.42,0.22,0.42,0.22,1,1
4,49,29,7,5,29,28,1,36.66,0.925,0.764,1.212,15,9,9,0.22,0.22,0.22,0.22,1,1
4,50,29,7,5,29,29,0,35.571,0.861,0.815,1.057,9,9,9,0.22,0.22,0.22,0.22,0,1
4,51,29,7,5,29,17,12,41.639,1.083,0.408,2.653,19,18,9,0.22,0.22,0.22,0.22,1,1
4,52,18,6,5,18,4,14,50.086,1.159,0.08,14.513,17,18,10,0.22,0.413,0.22,0.413,0,0
4,53,35,7,5,35,15,20,50.777,1.122,0.295,3.797,21,18,10,0.413,0.601,0.413,0.601,0,0
5,1,4,2,8.8,4,3,1,27.543,0.347,0.109,3.19,3,9,1,1,1,1,1,0,0
5,2,5,2,8.6,5,5,0,19.87,0.242,0.252,0.962,2,9,6,1,1,1,1,0,0
5,3,6,2,8.4,6,3,3,36.419,0.295,0.082,3.581,4,9,9,1,1,1,1,0,0
5,4,7,3,8.2,7,7,0,33.429,0.379,0.209,1.809,5,9,9,1,1,1,1,0,0
5,5,8,3,8,8,7,1,32.643,0.411,0.214,1.917,6,9,9,1,1,1,1,0,0
5,6,9,3,7.8,9,5,4,30.058,0.446,0.166,2.683,6,9,9,1,1,1,1,0,0
5,7,10,4,7.6,10,9,1,43.08,0.494,0.209,2.365,10,9,9,1,1,1,1,0,0
5,8,11,4,7.4,11,9,2,41.714,0.561,0.216,2.599,10,9,9,1,1,1,1,0,0
5,9,12,4,7.2,12,7,5,41.713,0.646,0.168,3.849,10,9,9,1,1,1,1,0,0
5,10,16,6,7,16,8,8,40.751,0.739,0.196,3.766,12,9,9,1,1,1,1,0,0
5,11,14,5,6.8,14,10,4,41.837,0.654,0.239,2.735,11,9,9,1,1,1,1,0,0
5,12,16,6,6.6,16,14,2,36.388,0.743,0.385,1.932,13,9,9,1,1,1,1,0,0
5,13,22,7,6.4,22,20,2,37.028,0.763,0.54,1.413,14,9,9,1,0.847,1,0.847,0,0
5,14,17,6,6.2,17,11,6,32.634,0.892,0.337,2.647,12,9,9,0.847,1,0.847,1,0,0
5,15,19,7,6,19,19,0,49.644,0.827,0.383,2.161,15,9,9,1,0.801,1,0.801,0,0
5,16,29,7,5.8,29,23,6,46.078,0.784,0.499,1.57,14,9,9,0.801,1,0.801,1,0,0
5,17,23,7,5.6,23,17,6,45.778,0.863,0.371,2.324,14,9,9,1,1,1,1,0,0
5,18,23,7,5.4,23,17,6,46.326,0.779,0.367,2.123,15,9,9,1,1,1,1,0,0
5,19,23,7,5.2,23,15,8,43.774,0.956,0.343,2.789,12,9,9,1,1,1,1,0,0
5,20,24,7,5,24,17,7,39.463,0.958,0.431,2.223,16,9,9,1,0.445,1,0.445,0,0
5,21,24,7,5,24,21,3,32.359,0.934,0.649,1.439,15,9,9,0.445,0.22,0.445,0.22,1,1
5,22,24,7,5,24,18,6,45.566,0.928,0.395,2.349,16,9,9,0.22,0.22,0.22,0.22,1,1
5,23,24,7,5,24,22,2,39.336,0.955,0.559,1.708,15,9,9,0.22,0.44,0.22,0.44,0,0
5,24,24,7,5,24,15,9,36.13,0.985,0.415,2.372,14,9,9,0.44,0.48,0.44,0.48,0,0
5,25,25,7,5,25,13,12,40.397,0.89,0.322,2.766,12,9,9,0.48,0.82,0.48,0.82,0,0
5,26,28,7,5,28,18,10,43.857,0.933,0.41,2.273,17,9,9,0.82,0.626,0.82,0.626,0,0
5,27,28,7,5,28,25,3,40.762,0.955,0.613,1.556,14,9,9,0.626,0.22,0.626,0.22,1,1
5,28,28,7,5,28,13,15,48.802,0.957,0.266,3.593,15,9,9,0.22,0.22,0.22,0.22,1,1
5,29,29,7,5,29,27,2,40.512,0.936,0.666,1.404,13,9,9,0.22,0.22,0.22,0.22,1,1
5,30,46,7,5,46,33,13,53.636,0.915,0.615,1.487,18,9,9,0.22,0.22,0.22,0.22,1,1
5,31,30,7,5,30,23,7,38.319,0.911,0.6,1.517,12,9,9,0.22,0.22,0.22,0.22,1,1
5,32,31,7,5,31,18,13,46.753,0.879,0.385,2.283,14,9,9,0.22,0.22,0.22,0.22,1,1
5,33,32,7,5,32,28,4,39.193,0.938,0.714,1.313,19,9,9,0.22,0.22,0.22,0.22,1,1
5,34,32,7,5,32,29,3,35.503,0.983,0.817,1.204,11,9,9,0.22,0.22,0.22,0.22,1,1
5,35,32,7,5,32,26,6,44.463,0.948,0.585,1.621,12,9,9,0.22,0.22,0.22,0.22,1,1
6,1,4,2,8.8,4,4,0,25.005,0.344,0.16,2.148,3,8,1,1,1,1,1,0,0
6,2,5,2,8.6,5,3,2,25.822,0.244,0.116,2.103,3,8,5,1,1,1,1,0,0
6,3,6,2,8.4,6,6,0,30.31,0.293,0.198,1.481,4,8,8,1,1,1,1,0,0
6,4,7,3,8.2,7,7,0,26.588,0.381,0.263,1.446,3,8,8,1,1,1,1,0,0
6,5,8,3,8,8,6,2,18.603,0.406,0.323,1.26,3,8,8,1,1,1,1,0,0
6,6,14,5,7.8,14,14,0,24.746,0.632,0.566,1.117,5,8,8,1,1,1,1,0,0
6,7,10,4,7.6,10,10,0,27.265,0.509,0.367,1.387,8,8,8,1,1,1,1,0,0
6,8,11,4,7.4,11,11,0,22.314,0.565,0.493,1.146,4,8,8,1,1,1,1,0,0
6,9,7,3,7.2,7,7,0,16.014,0.423,0.437,0.968,3,8,8,1,1,1,1,0,0
6,10,13,5,7,13,13,0,22.615,0.654,0.575,1.138,8,8,8,1,1,1,1,0,0
6,11,14,5,6.8,14,14,0,19.248,0.705,0.727,0.969,6,8,8,1,1,1,1,0,0
6,12,15,5,6.6,15,15,0,22.172,0.731,0.677,1.081,5,8,8,1,1,1,1,0,0
6,13,16,6,6.4,16,16,0,22.073,0.764,0.725,1.054,7,8,8,1,1,1,1,0,0
6,14,23,7,6.2,23,23,0,30.117,0.854,0.764,1.118,8,8,8,1,1,1,1,0,0
6,15,18,6,6,18,18,0,28.56,0.858,0.63,1.362,10,8,8,1,1,1,1,0,0
6,16,19,7,5.8,19,17,2,30.389,0.914,0.559,1.634,12,8,8,1,1,1,1,0,0
6,17,11,4,5.6,11,11,0,29.886,0.645,0.368,1.753,8,8,8,1,1,1,1,0,0
6,18,20,7,5.4,20,20,0,28.23,0.979,0.708,1.382,8,8,8,1,1,1,1,0,0
6,19,20,7,5.2,20,20,0,24.988,1.118,0.8,1.396,12,8,8,1,1,1,1,0,0
6,20,20,7,5,20,20,0,27.732,1,0.721,1.387,10,8,8,1,1,1,1,0,0
6,21,20,7,5,20,19,1,25.093,0.999,0.757,1.319,9,8,8,1,1,1,1,0,0
6,22,20,7,5,20,20,0,32.145,0.96,0.622,1.543,11,8,8,1,1,1,1,0,0
6,23,20,7,5,20,20,0,28.386,0.982,0.705,1.394,10,8,8,1,1,1,1,0,0
6,24,20,7,5,20,18,2,27.328,1.15,0.659,1.746,13,8,8,1,1,1,1,0,0
6,25,20,7,5,20,20,0,31.334,0.946,0.638,1.481,12,8,8,1,1,1,1,0,0
6,26,20,7,5,20,17,3,40.031,0.961,0.425,2.264,12,8,8,1,1,1,1,0,0
6,27,32,7,5,32,28,4,43.892,0.888,0.638,1.393,15,8,8,1,0.22,1,0.22,1,1
6,28,20,7,5,20,15,5,33.433,0.944,0.449,2.105,13,8,8,0.22,0.258,0.22,0.258,0,0
6,29,20,7,5,20,19,1,33.425,1.118,0.568,1.966,11,8,8,0.258,0.22,0.258,0.22,1,1
6,30,23,7,5,23,23,0,37.413,0.869,0.615,1.414,11,8,8,0.22,0.44,0.22,0.44,0,0
6,31,20,7,5,20,17,3,38.907,0.888,0.437,2.033,14,8,8,1,0.78,0.44,0.78,0,0
6,32,46,7,5,46,38,8,60.686,0.867,0.626,1.385,15,8,8,1,0.938,0.78,0.938,0,0
6,33,21,7,5,21,21,0,35.422,1.069,0.593,1.802,14,8,8,0.938,0.735,0.938,0.735,0,0
6,34,21,7,5,21,14,7,34.092,1.122,0.411,2.732,14,8,8,0.735,0.39,0.735,0.39,0,0
6,35,24,7,5,24,18,6,40.489,0.869,0.445,1.954,16,8,8,0.39,0.527,0.39,0.527,0,0
6,36,22,7,5,22,20,2,37.28,0.887,0.536,1.653,14,8,8,0.527,0.613,0.527,0.613,0,0
6,37,22,7,5,22,22,0,43.259,0.815,0.509,1.602,13,8,8,0.613,0.48,0.613,0.48,0,0
6,38,21,7,5,21,20,1,36.164,0.958,0.553,1.733,14,8,8,0.48,0.729,0.48,0.729,0,0
6,39,21,7,5,21,20,1,32.248,1.122,0.62,1.81,14,8,8,0.729,0.22,0.729,0.22,1,1
6,40,21,7,5,21,20,1,44.469,0.936,0.45,2.081,16,8,8,0.22,0.27,0.22,0.27,0,0
6,41,21,7,5,21,20,1,38.675,0.881,0.517,1.704,13,8,8,0.27,0.362,0.27,0.362,0,0
6,42,21,7,5,21,15,6,41.619,0.974,0.36,2.704,18,8,8,0.362,0.22,0.362,0.22,1,1
6,43,22,7,5,22,19,3,28.494,0.875,0.667,1.313,18,8,8,0.22,0.22,0.22,0.22,1,1
6,44,22,7,5,22,20,2,41.343,0.928,0.484,1.919,15,8,8,0.22,0.22,0.22,0.22,1,1
6,45,22,7,5,22,21,1,41.558,0.817,0.505,1.616,13,8,8,0.22,0.29,0.22,0.29,0,0
6,46,22,7,5,22,21,1,47.275,0.77,0.444,1.733,13,8,8,0.29,0.348,0.29,0.348,0,0
6,47,22,7,5,22,19,3,36.611,0.757,0.519,1.458,9,8,8,0.348,0.688,0.348,0.688,0,0
6,48,22,7,5,22,19,3,37.739,0.826,0.503,1.642,14,8,8,0.688,0.357,0.688,0.357,0,0
6,49,22,7,5,22,22,0,38.293,0.932,0.575,1.622,13,8,8,0.357,0.34,0.357,0.34,0,1
7,1,4,2,8.8,4,3,1,22.232,0.34,0.135,2.521,3,6,1,1,1,1,1,0,0
7,2,5,2,8.6,5,4,1,23.64,0.238,0.169,1.408,2,6,6,1,1,1,1,0,0
7,3,6,2,8.4,6,5,1,25.91,0.306,0.193,1.585,4,6,6,1,1,1,1,0,0
7,4,7,3,8.2,7,6,1,20.222,0.374,0.297,1.261,5,6,6,1,1,1,1,0,0
7,5,8,3,8,8,7,1,21.091,0.401,0.332,1.209,6,6,6,1,1,1,1,0,0
7,6,9,3,7.8,9,9,0,23.198,0.461,0.388,1.188,6,6,6,1,1,1,1,0,0
7,7,10,4,7.6,10,10,0,21.469,0.491,0.466,1.054,7,6,6,1,1,1,1,0,0
7,8,11,4,7.4,11,10,1,32.589,0.552,0.307,1.798,6,6,6,1,1,1,1,0,0
7,9,19,7,7.2,19,17,2,23.43,0.881,0.726,1.214,9,6,6,1,1,1,1,0,0
7,10,16,6,7,16,16,0,25.631,0.719,0.624,1.152,7,6,6,1,1,1,1,0,0
7,11,14,5,6.8,14,11,3,21.42,0.688,0.514,1.34,8,6,6,1,1,1,1,0,0
7,12,24,7,6.6,24,22,2,30.675,0.777,0.717,1.084,8,6,6,1,1,1,1,0,0
7,13,16,6,6.4,16,15,1,26.841,0.745,0.559,1.333,8,6,6,1,1,1,1,0,0
7,14,17,6,6.2,17,15,2,21.922,0.893,0.684,1.305,9,6,6,1,1,1,1,0,0
7,15,22,7,6,22,19,3,32.765,0.747,0.58,1.288,8,6,6,1,1,1,1,0,0
7,16,19,7,5.8,19,19,0,31.286,0.888,0.607,1.462,11,6,6,1,0.587,1,0.587,0,0
7,17,20,7,5.6,20,19,1,28.431,0.939,0.668,1.406,9,6,6,1,0.927,0.587,0.927,0,0
7,18,20,7,5.4,20,18,2,27.997,0.844,0.643,1.313,8,6,6,0.927,1,0.927,1,0,0
7,19,20,7,5.2,20,13,7,29.814,1.1,0.436,2.523,13,6,6,1,1,1,1,0,0
7,20,25,7,5,25,25,0,32.336,0.873,0.773,1.129,13,6,6,1,0.84,1,0.84,0,0
7,21,21,7,5,21,20,1,29.096,0.984,0.687,1.432,8,6,6,0.84,0.808,0.84,0.808,0,0
7,22,21,7,5,21,18,3,35.309,0.922,0.51,1.809,16,6,6,1,1,0.808,1,0,0
7,23,21,7,5,21,12,9,46.412,0.916,0.259,3.541,11,6,6,1,1,1,1,0,0
7,24,12,4,5,12,10,2,24.766,0.849,0.404,2.102,7,6,6,1,1,1,1,0,0
7,25,26,7,5,26,19,7,38.282,0.919,0.496,1.851,12,6,6,1,0.372,1,0.372,0,0
7,26,22,7,5,22,3,19,27.519,0.815,0.109,7.477,16,6,6,0.372,0.58,0.372,0.58,0,0
7,27,24,7,5,24,23,1,36.425,0.849,0.631,1.344,16,6,6,0.58,0.22,0.58,0.22,1,1
7,28,23,7,5,23,19,4,36.296,0.861,0.523,1.645,9,6,6,0.22,0.221,0.22,0.221,0,0
7,29,38,7,5,38,11,27,55.632,0.971,0.198,4.91,16,6,6,0.221,0.22,0.221,0.22,1,1
7,30,26,7,5,26,9,17,40.653,0.946,0.221,4.272,19,6,6,0.22,0.22,0.22,0.22,1,1
7,31,27,7,5,27,25,3,35.257,0.95,0.709,1.339,12,6,6,0.22,0.22,0.22,0.22,1,1
7,32,27,7,5,27,13,14,32.035,0.991,0.406,2.443,13,6,6,0.22,0.22,0.22,0.22,1,1
8,1,4,2,8.8,4,2,2,40.001,0.348,0.05,6.956,3,9,1,1,1,1,1,0,0
8,2,5,2,8.6,5,2,3,46.402,0.238,0.043,5.515,3,9,7,1,1,1,1,0,0
8,3,6,2,8.4,6,4,2,31.789,0.309,0.126,2.458,4,9,8,1,1,1,1,0,0
8,4,7,3,8.2,7,7,0,24.437,0.378,0.286,1.321,6,9,9,1,1,1,1,0,0
8,5,12,4,8,12,12,0,28.351,0.552,0.423,1.303,5,9,9,1,1,1,1,0,0
8,6,9,3,7.8,9,9,0,25.237,0.45,0.357,1.261,6,9,9,1,1,1,1,0,0
8,7,10,4,7.6,10,10,0,29.276,0.475,0.342,1.392,8,9,9,1,1,1,1,0,0
8,8,11,4,7.4,11,11,0,26.695,0.561,0.412,1.361,5,9,9,1,1,1,1,0,0
8,9,12,4,7.2,12,12,0,35.875,0.65,0.334,1.945,6,9,9,1,1,1,1,0,0
8,10,17,6,7,17,12,5,31.277,0.757,0.384,1.974,12,9,9,1,1,1,1,0,0
8,11,21,7,6.8,21,21,0,35.254,0.909,0.596,1.525,11,9,9,1,1,1,1,0,0
8,12,15,5,6.6,15,15,0,33.297,0.737,0.45,1.637,10,9,9,1,1,1,1,0,0
8,13,26,7,6.4,26,25,1,41.016,0.844,0.61,1.385,9,9,9,1,1,1,1,0,0
8,14,24,7,6.2,24,24,0,36.569,0.852,0.656,1.299,12,9,9,1,1,1,1,0,0
8,15,18,6,6,18,17,1,38.308,0.864,0.444,1.947,11,9,9,1,1,1,1,0,0
8,16,19,7,5.8,19,19,0,32.848,0.88,0.578,1.521,11,9,9,1,1,1,1,0,0
8,17,20,7,5.6,20,20,0,32.553,0.95,0.614,1.547,10,9,9,1,1,1,1,0,0
8,18,20,7,5.4,20,19,1,34.107,0.986,0.557,1.77,13,9,9,1,1,1,1,0,0
8,19,20,7,5.2,20,20,0,29.623,1.098,0.675,1.626,12,9,9,1,1,1,1,0,0
8,20,20,7,5,20,20,0,33.093,0.948,0.604,1.568,14,9,9,1,1,1,1,0,0
8,21,30,7,5,30,29,1,42.352,0.86,0.685,1.255,14,9,9,1,1,1,1,0,0
8,22,20,7,5,20,20,0,32.519,0.951,0.615,1.547,14,9,9,1,1,1,1,0,0
8,23,20,7,5,20,20,0,37.975,0.931,0.527,1.767,12,9,9,1,1,1,1,0,0
8,24,32,7,5,32,26,6,42.968,0.947,0.605,1.566,15,9,9,1,0.22,1,0.22,1,1
8,25,20,7,5,20,18,2,39.324,0.938,0.458,2.049,14,9,9,0.22,0.428,0.22,0.428,0,0
8,26,43,7,5,43,34,9,57.521,0.853,0.591,1.443,19,9,9,0.428,0.22,0.428,0.22,1,1
8,27,21,7,5,21,16,5,41.961,0.993,0.381,2.605,16,9,9,0.22,0.339,0.22,0.339,0,0
8,28,21,7,5,21,21,0,36.346,0.989,0.578,1.713,12,9,9,0.339,0.679,0.339,0.679,0,0
8,29,20,7,5,20,20,0,29.246,1.114,0.684,1.629,15,9,9,0.679,0.598,0.679,0.598,0,0
8,30,20,7,5,20,18,2,41.99,0.993,0.429,2.316,11,9,9,0.598,0.908,0.598,0.908,0,0
8,31,20,7,5,20,20,0,37.759,0.97,0.53,1.831,12,9,9,0.908,1,0.908,1,0,0
8,32,20,7,5,20,20,0,32.632,0.878,0.613,1.433,12,9,9,1,1,1,1,0,0
8,33,20,7,5,20,19,1,42.005,0.888,0.452,1.963,13,9,9,1,1,1,1,0,0
8,34,20,7,5,20,20,0,27.767,1.129,0.72,1.567,13,9,9,1,1,1,1,0,0
8,35,13,5,5,13,13,0,30.922,0.66,0.42,1.57,8,9,9,1,1,1,1,0,0
8,36,20,7,5,20,20,0,31.758,0.86,0.63,1.365,13,9,9,1,1,1,1,0,0
8,37,20,7,5,20,20,0,33.639,0.896,0.595,1.507,10,9,9,1,1,1,1,0,0
8,38,32,7,5,32,24,8,43.123,0.854,0.557,1.535,14,9,9,1,1,1,1,0,0
8,39,21,7,5,21,21,0,33.245,1.136,0.632,1.798,11,9,9,1,1,1,1,0,0
8,40,21,7,5,21,21,0,31.046,0.9,0.676,1.331,12,9,9,1,1,1,1,0,0
8,41,20,7,5,20,19,1,30.524,1.057,0.622,1.698,13,9,9,1,0.819,1,0.819,0,0
8,42,32,7,5,32,23,9,42.677,0.844,0.539,1.565,13,9,9,0.819,0.512,0.819,0.512,0,0
8,43,21,7,5,21,19,2,41.71,0.925,0.456,2.031,12,9,9,0.512,0.852,0.512,0.852,0,0
8,44,21,7,5,21,20,1,30.23,1.153,0.662,1.742,11,9,9,0.852,0.428,0.852,0.428,0,0
8,45,33,7,5,33,26,7,41.112,0.912,0.632,1.441,13,9,9,0.428,0.22,0.428,0.22,1,1
8,46,34,7,5,34,27,7,38.824,0.968,0.695,1.392,12,9,9,0.22,0.22,0.22,0.22,1,1
8,47,23,7,5,23,23,0,33.382,0.882,0.689,1.28,12,9,9,0.22,0.22,0.22,0.22,0,1
8,48,22,7,5,22,20,2,43.549,0.808,0.459,1.759,13,9,9,0.22,0.22,0.22,0.22,1,1
8,49,22,7,5,22,22,0,29.888,0.941,0.736,1.279,13,9,9,0.22,0.22,0.22,0.22,0,1
8,50,34,7,5,34,32,2,45.246,0.924,0.707,1.307,13,9,9,0.22,0.22,0.22,0.22,1,1
8,51,22,7,5,22,21,1,31.511,0.839,0.666,1.259,10,9,9,0.22,0.22,0.22,0.22,1,1
8,52,22,7,5,22,0,22,24.556,1.051,0,-1,21,18,9,0.22,0.44,0.22,0.44,0,0
8,53,24,7,5,24,15,9,44.731,1.038,0.335,3.095,19,18,9,0.44,0.22,0.44,0.22,1,1
8,54,25,7,5,25,1,24,44.992,1.35,0.022,60.738,25,18,10,0.22,0.44,0.22,0.44,0,0
8,55,27,7,5,27,11,16,89.209,1.257,0.123,10.192,24,25,10,0.44,0.372,0.44,0.372,0,0
8,56,16,6,5,16,3,13,47.425,0.907,0.063,14.346,16,25,14,0.372,0.712,0.372,0.712,0,0
9,1,4,2,8.8,4,3,1,23.699,0.349,0.127,2.758,3,9,1,1,1,1,1,0,0
9,2,5,2,8.6,5,3,2,25.112,0.244,0.119,2.042,3,9,6,1,1,1,1,0,0
9,3,6,2,8.4,6,6,0,27.403,0.301,0.219,1.376,3,9,8,1,1,1,1,0,0
9,4,7,3,8.2,7,7,0,24.386,0.379,0.287,1.321,4,9,9,1,1,1,1,0,0
9,5,18,6,8,18,18,0,34.099,0.746,0.528,1.413,12,9,9,1,1,1,1,0,0
9,6,9,3,7.8,9,6,3,26.916,0.445,0.223,1.998,4,9,9,1,1,1,1,0,0
9,7,10,4,7.6,10,10,0,39.525,0.498,0.253,1.969,5,9,9,1,1,1,1,0,0
9,8,11,4,7.4,11,11,0,38.075,0.553,0.289,1.915,7,9,9,1,1,1,1,0,0
9,9,12,4,7.2,12,12,0,28.078,0.649,0.427,1.519,5,9,9,1,1,1,1,0,0
9,10,7,3,7,7,7,0,27.859,0.409,0.251,1.628,4,9,9,1,1,1,1,0,0
9,11,14,5,6.8,14,3,11,40.902,0.656,0.073,8.942,10,9,9,1,1,1,1,0,0
9,12,15,5,6.6,15,14,1,45.023,0.744,0.311,2.394,9,9,9,1,1,1,1,0,0
9,13,16,6,6.4,16,16,0,32.867,0.783,0.487,1.608,9,9,9,1,1,1,1,0,0
9,14,17,6,6.2,17,17,0,29.873,0.854,0.569,1.501,10,9,9,1,1,1,1,0,0
9,15,33,7,6,33,29,4,48.463,0.827,0.598,1.382,10,9,9,1,1,1,1,0,0
9,16,19,7,5.8,19,19,0,35.405,0.903,0.537,1.683,12,9,9,1,1,1,1,0,0
9,17,20,7,5.6,20,17,3,38.45,0.939,0.442,2.125,12,9,9,1,1,1,1,0,0
9,18,27,7,5.4,27,20,7,35.656,0.899,0.561,1.603,11,9,9,1,1,1,1,0,0
9,19,29,7,5.2,29,21,8,39.626,0.886,0.53,1.672,10,9,9,1,1,1,1,0,0
9,20,21,7,5,21,21,0,32.323,1.074,0.65,1.653,12,9,9,1,0.884,1,0.884,0,0
9,21,21,7,5,21,20,1,37.536,1.081,0.533,2.029,14,9,9,0.884,1,0.884,1,0,0
9,22,21,7,5,21,18,3,42.919,1.103,0.419,2.63,14,9,9,1,0.802,1,0.802,0,0
9,23,21,7,5,21,21,0,42.779,0.874,0.491,1.781,14,9,9,1,1,0.802,1,0,0
9,24,21,7,5,21,21,0,30.181,1.106,0.696,1.589,13,9,9,1,0.34,1,0.34,0,1
9,25,20,7,5,20,18,2,41.625,0.922,0.432,2.131,13,9,9,0.34,0.68,0.34,0.68,0,0
9,26,21,7,5,21,20,1,38.836,0.975,0.515,1.893,9,9,9,0.68,1,0.68,1,0,0
9,27,21,7,5,21,19,2,39.295,0.974,0.484,2.015,10,9,9,1,1,1,1,0,0
9,28,21,7,5,21,21,0,28.612,0.976,0.734,1.33,13,9,9,1,1,1,1,0,0
9,29,24,7,5,24,24,0,34.81,0.952,0.689,1.381,13,9,9,1,0.543,1,0.543,0,0
9,30,24,7,5,24,15,9,40.484,0.86,0.371,2.322,14,9,9,0.543,0.748,0.543,0.748,0,0
9,31,21,7,5,21,21,0,33.957,0.866,0.618,1.401,13,9,9,0.748,0.769,0.748,0.769,0,0
9,32,12,4,5,12,12,0,39.46,0.618,0.304,2.033,7,9,9,1,1,0.769,1,0,0
9,33,21,7,5,21,20,1,40.409,0.883,0.495,1.785,11,9,9,1,1,1,1,0,0
9,34,21,7,5,21,14,7,35.481,1.163,0.395,2.947,13,9,9,1,1,1,1,0,0
9,35,21,7,5,21,21,0,39.751,0.874,0.528,1.655,11,9,9,1,1,1,1,0,0
9,36,21,7,5,21,21,0,34.068,0.859,0.616,1.394,15,9,9,1,1,1,1,0,0
9,37,21,7,5,21,21,0,33.751,1.055,0.622,1.696,14,9,9,1,1,1,1,0,0
9,38,21,7,5,21,21,0,35.146,0.944,0.598,1.58,9,9,9,1,1,1,1,0,0
9,39,20,7,5,20,19,1,39.859,1.119,0.477,2.347,12,9,9,1,1,1,1,0,0
9,40,23,7,5,23,19,4,41.082,0.78,0.462,1.687,11,9,9,1,1,1,1,0,0
9,41,23,7,5,23,21,2,41.947,0.79,0.501,1.578,12,9,9,1,1,1,1,0,0
9,42,37,7,5,37,33,4,52.798,0.797,0.625,1.274,13,9,9,1,1,1,1,0,0
9,43,35,7,5,35,27,8,48.007,0.916,0.562,1.629,13,9,9,1,1,1,1,0,0
9,44,24,7,5,24,23,1,37.722,0.957,0.61,1.57,11,9,9,1,0.674,1,0.674,0,0
9,45,13,5,5,13,13,0,37.801,0.722,0.344,2.099,9,9,9,0.674,0.976,0.674,0.976,0,0
9,46,24,7,5,24,22,2,47.523,0.782,0.463,1.689,14,9,9,0.976,1,0.976,1,0,0
9,47,24,7,5,24,21,3,39.562,0.836,0.531,1.576,12,9,9,1,0.457,1,0.457,0,0
9,48,24,7,5,24,19,5,40.857,0.85,0.465,1.827,13,9,9,0.457,0.523,0.457,0.523,0,0
9,49,13,5,5,13,12,1,38.031,0.885,0.316,2.804,9,9,9,0.523,0.503,0.523,0.503,0,0
9,50,30,7,5,30,28,2,39.42,0.85,0.71,1.196,11,9,9,0.503,0.22,0.503,0.22,1,1
9,51,26,7,5,26,1,25,24.276,1.241,0.041,30.119,25,18,9,0.22,0.44,0.22,0.44,0,0
9,52,29,7,5,29,11,18,48.082,0.919,0.229,4.017,21,18,10,0.44,0.22,0.44,0.22,1,1
10,1,4,2,8.8,4,4,0,25.947,0.343,0.154,2.223,3,9,1,1,1,1,1,0,0
10,2,5,2,8.6,5,4,1,32.173,0.243,0.124,1.956,3,9,6,1,1,1,1,0,0
10,3,6,2,8.4,6,6,0,21.911,0.304,0.274,1.112,2,9,8,1,1,1,1,0,0
10,4,7,3,8.2,7,7,0,18.224,0.381,0.384,0.992,5,9,9,1,1,1,1,0,0
10,5,18,6,8,18,18,0,28.508,0.744,0.631,1.178,6,9,9,1,1,1,1,0,0
10,6,9,3,7.8,9,8,1,28.171,0.439,0.284,1.545,6,9,9,1,1,1,1,0,0
10,7,10,4,7.6,10,10,0,22.964,0.515,0.435,1.183,4,9,9,1,1,1,1,0,0
10,8,18,6,7.4,18,18,0,27.368,0.781,0.658,1.187,7,9,9,1,1,1,1,0,0
10,9,12,4,7.2,12,11,1,26.872,0.624,0.409,1.525,5,9,9,1,1,1,1,0,0
10,10,17,6,7,17,17,0,28.703,0.779,0.592,1.316,9,9,9,1,1,1,1,0,0
10,11,14,5,6.8,14,14,0,33.376,0.66,0.419,1.574,9,9,9,1,1,1,1,0,0
10,12,15,5,6.6,15,12,3,29,0.745,0.414,1.801,8,9,9,1,1,1,1,0,0
10,13,16,6,6.4,16,16,0,24.933,0.784,0.642,1.221,8,9,9,1,1,1,1,0,0
10,14,17,6,6.2,17,17,0,23.846,0.839,0.713,1.177,8,9,9,1,1,1,1,0,0
10,15,18,6,6,18,18,0,30.792,0.845,0.585,1.445,9,9,9,1,1,1,1,0,0
10,16,19,7,5.8,19,19,0,26.59,0.903,0.715,1.264,7,9,9,1,1,1,1,0,0
10,17,32,7,5.6,32,29,3,43.504,0.84,0.667,1.26,11,9,9,1,1,1,1,0,0
10,18,20,7,5.4,20,20,0,26.049,0.932,0.768,1.214,8,9,9,1,1,1,1,0,0
10,19,20,7,5.2,20,20,0,28.378,1.086,0.705,1.541,11,9,9,1,1,1,1,0,0
10,20,25,7,5,25,25,0,32.841,0.913,0.761,1.2,8,9,9,1,1,1,1,0,0
10,21,20,7,5,20,19,1,28.584,0.98,0.665,1.474,8,9,9,1,1,1,1,0,0
10,22,11,4,5,11,11,0,25.951,0.658,0.424,1.553,6,9,9,1,1,1,1,0,0
10,23,20,7,5,20,20,0,30.517,0.931,0.655,1.42,13,9,9,1,1,1,1,0,0
10,24,20,7,5,20,20,0,30.885,1.127,0.648,1.74,14,9,9,1,0.965,1,0.965,0,0
10,25,20,7,5,20,20,0,36.693,0.96,0.545,1.761,16,9,9,0.965,1,0.965,1,0,0
10,26,20,7,5,20,20,0,31.902,0.959,0.627,1.53,11,9,9,1,1,1,1,0,0
10,27,20,7,5,20,20,0,28.257,0.971,0.708,1.372,13,9,9,1,1,1,1,0,0
10,28,20,7,5,20,20,0,33.759,0.918,0.592,1.55,10,9,9,1,1,1,1,0,0
10,29,32,7,5,32,30,2,41.453,0.992,0.724,1.37,13,9,9,1,0.999,1,0.999,0,0
10,30,24,7,5,24,20,4,42.149,0.805,0.475,1.697,12,9,9,1,1,0.999,1,0,0
10,31,20,7,5,20,20,0,35.024,0.87,0.571,1.524,13,9,9,1,0.997,1,0.997,0,0
10,32,20,7,5,20,20,0,33.924,0.895,0.59,1.517,9,9,9,1,1,0.997,1,0,0
10,33,11,4,5,11,11,0,26.784,0.578,0.411,1.407,6,9,9,1,1,1,1,0,0
10,34,28,7,5,28,28,0,36.939,1.012,0.758,1.335,12,9,9,1,0.986,1,0.986,0,0
10,35,24,7,5,24,22,2,41.983,0.814,0.524,1.553,10,9,9,0.986,1,0.986,1,0,0
10,36,30,7,5,30,26,4,47.51,0.79,0.547,1.443,12,9,9,1,0.827,1,0.827,0,0
10,37,32,7,5,32,29,3,47.627,0.856,0.609,1.406,12,9,9,0.827,1,0.827,1,0,0
10,38,21,7,5,21,20,1,41.667,0.894,0.48,1.862,9,9,9,1,0.927,1,0.927,0,0
10,39,21,7,5,21,19,2,39.666,1.108,0.479,2.314,15,9,9,0.927,1,0.927,1,0,0
10,40,21,7,5,21,21,0,39.753,0.872,0.528,1.651,12,9,9,1,0.812,1,0.812,0,0
10,41,12,4,5,12,12,0,28.256,0.766,0.425,1.803,8,9,9,0.812,0.791,0.812,0.791,0,0
10,42,20,7,5,20,19,1,35.136,0.87,0.541,1.609,9,9,9,0.791,0.989,0.791,0.989,0,0
10,43,20,7,5,20,19,1,33.766,0.885,0.563,1.573,11,9,9,0.989,1,0.989,1,0,0
10,44,20,7,5,20,20,0,33.999,1.106,0.588,1.88,14,9,9,1,0.604,1,0.604,0,0
10,45,20,7,5,20,14,6,35.555,0.939,0.394,2.385,12,9,9,0.604,0.694,0.604,0.694,0,0
10,46,20,7,5,20,20,0,33.914,0.865,0.59,1.467,10,9,9,0.694,0.913,0.694,0.913,0,0
10,47,20,7,5,20,17,3,42.019,0.846,0.405,2.091,12,9,9,0.913,0.931,0.913,0.931,0,0
10,48,21,7,5,21,21,0,32.612,0.953,0.644,1.479,12,9,9,0.931,0.59,0.931,0.59,0,0
10,49,21,7,5,21,20,1,32.297,1.142,0.619,1.843,15,9,9,0.59,0.22,0.59,0.22,1,1
10,50,25,7,5,25,22,3,39.108,0.897,0.563,1.594,13,9,9,0.22,0.303,0.22,0.303,0,0
10,51,21,7,5,21,21,0,30,0.974,0.7,1.392,13,9,9,0.303,0.34,0.303,0.34,0,1
10,52,20,7,5,20,1,19,24.41,1.293,0.041,31.551,19,18,9,0.34,0.68,0.34,0.68,0,0
10,53,22,7,5,22,6,16,35.778,0.976,0.168,5.821,20,18,10,0.68,1,0.68,1,0,0
10,54,36,7,5,36,14,22,44.816,1.16,0.312,3.713,20,18,10,1,0.22,1,0.22,1,1
10,55,26,7,5,26,5,21,53.221,1.086,0.094,11.559,23,25,10,0.22,0.44,0.22,0.44,0,0
10,56,29,7,5,29,7,22,54.953,0.925,0.127,7.258,21,25,14,0.44,0.22,0.44,0.22,1,1
10,57,31,7,5,31,7,24,49.121,0.994,0.143,6.973,20,25,18,0.22,0.22,0.22,0.22,1,1
10,58,31,7,5,31,6,25,71.011,0.977,0.084,11.565,21,32,18,0.22,0.44,0.22,0.44,0,0
10,59,32,7,5,32,5,27,55.851,1.357,0.09,15.161,31,32,19,0.44,0.78,0.44,0.78,0,0
10,60,32,7,5,32,4,28,69.529,1.111,0.058,19.304,29,32,22,0.78,1,0.78,1,0,0
10,61,32,7,5,32,5,27,40.621,1.047,0.123,8.508,25,32,25,1,1,1,1,0,0
10,62,32,7,5,32,11,21,44.978,1.025,0.245,4.192,16,32,25,1,1,1,1,0,0
10,63,32,7,5,32,9,23,92.28,0.892,0.098,9.145,18,32,25,1,1,1,1,0,0
10,64,51,7,5,51,11,41,181.517,1.276,0.061,21.062,40,32,25,1,1,1,1,0,0
10,65,44,7,5,44,9,35,73.631,1.101,0.122,9.008,36,32,26,1,1,1,1,0,0
10,66,35,7,5,35,7,28,82.181,1.11,0.085,13.035,27,32,26,1,1,1,1,0,0
10,67,31,7,5,31,1,30,87.229,0.989,0.011,86.267,25,32,26,1,1,1,1,0,0
10,68,35,7,5,35,11,24,181.456,1.195,0.061,19.709,26,32,26,1,1,1,1,0,0
