run,version,params_hash,seed,end_turn,outcome,censored,winner,path,fingerprint
1,1.0,bd01be61,17000,68,decided_win,1,自分,制圧,魔王Lv1 BP10 遺物1 感情0 配下1 眷属1 撃破天啓0 研究0 DP200 素材0 名声0 敵名声0/0/0 敵DP0/0/0
2,1.0,bd01be61,17001,69,decided_win,1,自分,制圧,魔王Lv1 BP10 遺物1 感情0 配下1 眷属1 撃破天啓0 研究0 DP200 素材0 名声0 敵名声0/0/0 敵DP0/0/0
3,1.0,bd01be61,17002,68,decided_win,1,自分,制圧,魔王Lv1 BP10 遺物1 感情0 配下1 眷属1 撃破天啓0 研究0 DP200 素材0 名声0 敵名声0/0/0 敵DP0/0/0
4,1.0,bd01be61,17003,69,decided_win,1,自分,制圧,魔王Lv1 BP10 遺物1 感情0 配下1 眷属1 撃破天啓0 研究0 DP200 素材0 名声0 敵名声0/0/0 敵DP0/0/0
5,1.0,bd01be61,17004,69,decided_win,1,自分,制圧,魔王Lv1 BP10 遺物1 感情0 配下1 眷属1 撃破天啓0 研究0 DP200 素材0 名声0 敵名声0/0/0 敵DP0/0/0
6,1.0,bd01be61,17005,69,decided_win,1,自分,制圧,魔王Lv1 BP10 遺物1 感情0 配下1 眷属1 撃破天啓0 研究0 DP200 素材0 名声0 敵名声0/0/0 敵DP0/0/0
7,1.0,bd01be61,17006,68,decided_win,1,自分,制圧,魔王Lv1 BP10 遺物1 感情0 配下1 眷属1 撃破天啓0 研究0 DP200 素材0 名声0 敵名声0/0/0 敵DP0/0/0
8,1.0,bd01be61,17007,69,decided_win,1,自分,制圧,魔王Lv1 BP10 遺物1 感情0 配下1 眷属1 撃破天啓0 研究0 DP200 素材0 名声0 敵名声0/0/0 敵DP0/0/0
9,1.0,bd01be61,17008,68,decided_win,1,自分,制圧,魔王Lv1 BP10 遺物1 感情0 配下1 眷属1 撃破天啓0 研究0 DP200 素材0 名声0 敵名声0/0/0 敵DP0/0/0
10,1.0,bd01be61,17009,69,decided_win,1,自分,制圧,魔王Lv1 BP10 遺物1 感情0 配下1 眷属1 撃破天啓0 研究0 DP200 素材0 名声0 敵名声0/0/0 敵DP0/0/0
11,1.0,bd01be61,17010,69,decided_win,1,自分,制圧,魔王Lv1 BP10 遺物1 感情0 配下1 眷属1 撃破天啓0 研究0 DP200 素材0 名声0 敵名声0/0/0 敵DP0/0/0
12,1.0,bd01be61,17011,69,decided_win,1,自分,制圧,魔王Lv1 BP10 遺物1 感情0 配下1 眷属1 撃破天啓0 研究0 DP200 素材0 名声0 敵名声0/0/0 敵DP0/0/0
13,1.0,bd01be61,17012,69,decided_win,1,自分,制圧,魔王Lv1 BP10 遺物1 感情0 配下1 眷属1 撃破天啓0 研究0 DP200 素材0 名声0 敵名声0/0/0 敵DP0/0/0
14,1.0,bd01be61,17013,65,killed,0,,,魔王Lv1 BP10 遺物1 感情0 配下1 眷属1 撃破天啓0 研究0 DP200 素材0 名声0 敵名声0/0/0 敵DP0/0/0
15,1.0,bd01be61,17014,69,decided_win,1,自分,制圧,魔王Lv1 BP10 遺物1 感情0 配下1 眷属1 撃破天啓0 研究0 DP200 素材0 名声0 敵名声0/0/0 敵DP0/0/0
16,1.0,bd01be61,17015,69,decided_win,1,自分,制圧,魔王Lv1 BP10 遺物1 感情0 配下1 眷属1 撃破天啓0 研究0 DP200 素材0 名声0 敵名声0/0/0 敵DP0/0/0
