run,turn,deepest,floors,lord_floor,outcome,why,level,rank,conquer,job,need_next,hit_lord
1,1,0,1,0,killed,,2,0,1,Cleric,2,1
1,1,0,1,0,killed,,1,1,1,Mage,2,1
1,1,0,1,0,killed,,1,0,1,Cleric,2,1
1,1,0,1,0,killed,,2,1,1,Thief,2,1
1,1,0,1,0,escaped,satisfied,2,2,0,Mage,2,0
1,2,0,1,0,escaped,hp,5,2,0,Cleric,4,0
1,2,0,1,0,killed,,6,3,1,Cleric,5,0
1,2,0,1,0,escaped,hp,6,3,0,Cleric,5,0
1,2,0,1,0,killed,,5,3,1,Mage,6,0
1,2,0,1,0,killed,,5,2,1,Warrior,6,1
1,3,0,1,0,killed,,7,1,1,Thief,7,0
1,3,0,1,0,escaped,hp,10,2,1,Warrior,7,0
1,3,0,1,0,escaped,hp,8,2,0,Thief,8,0
1,3,0,1,0,killed,,8,2,1,Thief,8,1
1,3,0,1,0,escaped,hp,8,1,0,Mage,8,0
1,4,0,2,1,escaped,hp,12,1,0,Warrior,8,0
1,4,1,2,1,escaped,satisfied,11,3,1,Mage,10,0
1,4,1,2,1,escaped,hp,10,3,0,Warrior,10,0
1,4,1,2,1,killed,,13,2,1,Cleric,10,1
1,4,0,2,1,escaped,hp,8,1,0,Cleric,8,0
1,4,1,2,1,killed,,9,2,0,Cleric,10,0
1,5,0,2,1,killed,,9,1,1,Thief,8,0
1,5,0,2,1,escaped,hp,13,1,0,Thief,8,0
1,5,0,2,1,killed,,8,1,0,Mage,8,0
1,5,1,2,1,escaped,hp,14,3,1,Cleric,11,0
1,5,1,2,1,escaped,hp,11,2,1,Thief,11,0
1,5,0,2,1,escaped,satisfied,8,3,0,Mage,8,0
1,5,0,2,1,escaped,timeout,8,2,0,Thief,8,0
1,6,0,2,1,killed,,12,3,0,Warrior,9,0
1,6,0,2,1,escaped,hp,10,3,1,Warrior,9,0
1,6,0,2,1,escaped,hp,10,2,1,Warrior,9,0
1,6,0,2,1,escaped,hp,13,3,0,Warrior,9,0
1,6,0,2,1,escaped,satisfied,12,3,1,Warrior,9,0
1,6,1,2,1,escaped,hp,12,4,0,Warrior,12,0
1,6,0,2,1,escaped,stuck,9,3,1,Thief,9,0
1,6,1,2,1,killed,,15,2,1,Thief,12,1
1,6,1,2,1,killed,,15,2,1,Warrior,12,1
1,6,1,2,1,escaped,satisfied,12,3,1,Thief,12,0
1,6,1,2,1,escaped,hp,13,1,1,Thief,12,0
1,6,1,2,1,escaped,hp,13,1,1,Thief,12,0
1,6,1,2,1,escaped,satisfied,13,3,0,Thief,12,0
1,7,0,3,2,killed,,10,2,0,Mage,10,0
1,7,0,3,2,killed,,11,1,1,Mage,10,0
1,7,0,3,2,killed,,12,2,0,Mage,10,0
1,7,0,3,2,killed,,13,3,1,Thief,10,0
1,7,0,3,2,escaped,hp,13,3,0,Warrior,10,0
1,7,0,3,2,killed,,9,4,1,Thief,10,0
1,7,1,3,2,killed,,14,2,0,Mage,13,0
1,7,2,3,2,escaped,hp,16,1,1,Mage,16,0
1,7,2,3,2,escaped,hp,20,4,1,Cleric,16,0
1,7,1,3,2,killed,,10,2,1,Warrior,13,0
1,8,0,3,2,killed,,14,3,1,Mage,10,0
1,8,0,3,2,killed,,10,3,0,Mage,10,0
1,8,0,3,2,killed,,14,2,0,Mage,10,0
1,8,0,3,2,killed,,15,3,0,Cleric,10,0
1,8,0,3,2,killed,,12,3,1,Thief,10,0
1,8,0,3,2,killed,,10,2,1,Thief,10,0
1,8,0,3,2,killed,,15,1,1,Warrior,10,0
1,8,0,3,2,escaped,hp,16,1,1,Warrior,10,0
1,8,0,3,2,killed,,16,3,1,Warrior,10,0
1,8,0,3,2,killed,,13,3,0,Thief,10,0
1,8,0,3,2,killed,,13,2,0,Thief,10,0
1,9,0,3,2,killed,,14,2,0,Thief,11,0
1,9,0,3,2,killed,,16,2,1,Thief,11,0
1,9,0,3,2,killed,,12,3,1,Thief,11,0
1,9,0,3,2,killed,,15,3,0,Thief,11,0
1,9,0,3,2,killed,,13,3,0,Thief,11,0
1,9,0,3,2,killed,,13,2,0,Thief,11,0
1,9,0,3,2,killed,,11,1,0,Thief,11,0
1,9,1,3,2,escaped,hp,22,2,1,Mage,14,0
1,9,0,3,2,killed,,11,3,1,Thief,11,0
1,9,2,3,2,escaped,satisfied,29,4,1,Cleric,18,0
1,9,2,3,2,killed,,16,2,1,Thief,18,1
1,10,0,3,2,killed,,22,3,1,Warrior,12,0
1,10,0,3,2,killed,,11,3,1,Mage,12,0
1,10,0,3,2,killed,,11,3,1,Warrior,12,0
1,10,0,3,2,killed,,16,2,1,Warrior,12,0
1,10,0,3,2,killed,,12,3,1,Thief,12,0
1,10,0,3,2,killed,,11,2,1,Cleric,12,0
1,10,0,3,2,killed,,17,4,1,Cleric,12,0
1,10,0,3,2,escaped,hp,17,3,0,Cleric,12,0
1,10,0,3,2,killed,,18,1,1,Cleric,12,0
1,10,0,3,2,killed,,14,3,0,Mage,12,0
1,10,0,3,2,killed,,22,2,1,Warrior,12,0
1,11,0,3,2,killed,,17,3,0,Mage,13,0
1,11,0,3,2,escaped,hp,17,2,0,Thief,13,0
1,11,0,3,2,escaped,satisfied,18,4,1,Warrior,13,0
1,11,0,3,2,escaped,hp,14,4,0,Warrior,13,0
1,11,0,3,2,escaped,hp,14,4,0,Cleric,13,0
1,11,1,3,2,escaped,hp,16,4,0,Mage,16,0
1,11,0,3,2,killed,,13,3,1,Mage,13,0
1,11,1,3,2,killed,,16,2,0,Thief,16,0
1,11,1,3,2,escaped,stuck,15,4,1,Thief,16,0
1,11,1,3,2,escaped,stuck,15,4,1,Thief,16,0
1,11,2,3,2,escaped,satisfied,41,5,1,Cleric,20,0
1,11,2,3,2,killed,,31,2,1,Mage,20,1
1,12,0,3,2,killed,,16,3,1,Thief,13,0
1,12,0,3,2,escaped,satisfied,12,2,0,Cleric,13,0
1,12,0,3,2,escaped,satisfied,17,4,1,Warrior,13,0
1,12,1,3,2,killed,,16,4,0,Thief,16,0
1,12,1,3,2,killed,,15,2,0,Thief,16,0
1,12,1,3,2,killed,,14,4,0,Thief,16,0
1,12,1,3,2,killed,,19,3,1,Mage,16,0
1,12,1,3,2,killed,,16,5,1,Cleric,16,0
1,12,1,3,2,escaped,hp,15,4,0,Warrior,16,0
1,12,1,3,2,escaped,hp,14,3,0,Warrior,16,0
1,12,1,3,2,escaped,hp,15,2,0,Warrior,16,0
1,12,1,3,2,escaped,hp,17,2,0,Warrior,16,0
1,12,1,3,2,killed,,13,2,1,Thief,16,0
1,12,1,3,2,killed,,20,1,1,Thief,16,0
1,12,1,3,2,killed,,14,4,1,Warrior,16,0
1,12,0,3,2,escaped,satisfied,13,3,0,Mage,13,0
1,12,0,3,2,killed,,12,2,0,Warrior,13,0
1,12,2,3,2,killed,,20,2,1,Warrior,20,0
1,12,2,3,2,killed,,20,3,1,Warrior,20,0
1,13,0,3,2,killed,,12,3,0,Warrior,14,0
1,13,0,3,2,killed,,19,2,0,Cleric,14,0
1,13,0,3,2,escaped,hp,19,2,0,Mage,14,0
1,13,0,3,2,escaped,hp,13,2,0,Warrior,14,0
1,13,0,3,2,escaped,hp,17,3,1,Warrior,14,0
1,13,0,3,2,escaped,hp,19,3,1,Mage,14,0
1,13,0,3,2,escaped,satisfied,14,3,1,Thief,14,0
1,13,1,3,2,killed,,17,2,1,Thief,18,0
1,13,1,3,2,killed,,16,2,1,Cleric,18,0
1,13,1,3,2,escaped,stuck,15,4,1,Thief,18,0
1,13,2,3,2,escaped,satisfied,56,5,1,Cleric,22,0
1,13,2,3,2,killed,,20,3,1,Warrior,22,1
1,13,2,3,2,killed,,20,2,1,Warrior,22,0
1,13,2,3,2,killed,,18,3,0,Cleric,22,0
1,13,1,3,2,killed,,14,4,0,Cleric,18,0
1,14,0,3,2,killed,,15,2,1,Cleric,14,0
1,14,0,3,2,killed,,20,2,0,Mage,14,0
1,14,0,3,2,killed,,18,2,1,Cleric,14,0
1,14,0,3,2,escaped,hp,18,4,1,Warrior,14,0
1,14,0,3,2,escaped,hp,15,2,0,Warrior,14,0
1,14,0,3,2,escaped,hp,15,2,0,Warrior,14,0
1,14,0,3,2,escaped,hp,20,3,1,Warrior,14,0
1,14,0,3,2,killed,,19,2,1,Cleric,14,0
1,14,0,3,2,escaped,satisfied,15,4,1,Mage,14,0
1,14,0,3,2,killed,,20,4,1,Cleric,14,0
1,14,0,3,2,escaped,hp,18,3,0,Thief,14,0
1,14,0,3,2,escaped,hp,13,2,0,Warrior,14,0
1,14,0,3,2,escaped,satisfied,20,2,1,Mage,14,0
1,14,1,3,2,escaped,satisfied,19,4,0,Thief,19,0
1,14,2,3,2,escaped,hp,16,4,1,Mage,23,0
1,14,0,3,2,escaped,stuck,14,3,1,Thief,14,0
1,14,2,3,2,killed,,20,2,1,Thief,23,0
1,14,2,3,2,killed,,21,2,1,Thief,23,0
1,14,2,3,2,killed,,21,3,1,Cleric,23,0
1,14,0,3,2,escaped,satisfied,13,4,0,Warrior,14,0
1,14,2,3,2,killed,,21,3,1,Warrior,23,0
1,14,2,3,2,killed,,21,4,1,Warrior,23,0
1,15,0,3,2,killed,,26,2,1,Mage,15,0
1,15,0,3,2,killed,,21,2,1,Mage,15,0
1,15,0,3,2,killed,,30,3,1,Warrior,15,0
1,15,0,3,2,killed,,18,3,1,Cleric,15,0
1,15,0,3,2,killed,,26,4,1,Thief,15,0
1,15,0,3,2,killed,,21,3,1,Warrior,15,0
1,15,0,3,2,killed,,24,3,1,Cleric,15,0
1,15,0,3,2,killed,,19,5,0,Warrior,15,0
1,15,0,3,2,killed,,1,2,0,Warrior,15,0
1,15,1,3,2,escaped,satisfied,15,4,0,Warrior,20,0
1,15,1,3,2,killed,,20,2,1,Cleric,20,0
1,15,0,3,2,escaped,satisfied,24,4,1,Warrior,15,0
1,15,2,3,2,killed,,19,2,1,Thief,24,0
1,15,2,3,2,killed,,18,3,1,Mage,24,0
1,15,2,3,2,killed,,17,3,1,Thief,24,0
1,15,2,3,2,killed,,19,3,1,Mage,24,0
1,15,2,3,2,killed,,22,2,1,Cleric,24,0
1,15,0,3,2,escaped,stuck,14,4,1,Warrior,15,0
1,15,0,3,2,escaped,stuck,14,2,1,Warrior,15,0
1,15,0,3,2,escaped,stuck,13,4,1,Warrior,15,0
1,15,2,3,2,killed,,21,4,1,Cleric,24,0
1,15,2,3,2,killed,,22,4,1,Cleric,24,1
1,15,2,3,2,killed,,20,3,1,Warrior,24,1
1,15,2,3,2,killed,,18,4,1,Warrior,24,1
1,16,0,3,2,killed,,14,3,1,Thief,15,0
1,16,0,3,2,killed,,14,3,1,Thief,15,0
1,16,0,3,2,killed,,22,2,0,Mage,15,0
1,16,0,3,2,escaped,hp,19,2,0,Warrior,15,0
1,16,0,3,2,escaped,hp,22,3,1,Thief,15,0
1,16,0,3,2,escaped,hp,17,4,0,Mage,15,0
1,16,0,3,2,killed,,15,4,1,Warrior,15,0
1,16,0,3,2,killed,,16,3,1,Mage,15,0
1,16,0,3,2,escaped,hp,14,4,1,Thief,15,0
1,16,0,3,2,escaped,hp,21,3,1,Cleric,15,0
1,16,0,3,2,killed,,19,5,0,Thief,15,0
1,16,1,3,2,escaped,satisfied,22,4,0,Thief,20,0
1,16,1,3,2,escaped,satisfied,23,2,1,Mage,20,0
1,16,1,3,2,escaped,hp,19,3,0,Thief,20,0
1,16,1,3,2,escaped,hp,19,3,0,Thief,20,0
1,16,1,3,2,killed,,23,4,1,Warrior,20,0
1,16,0,3,2,escaped,satisfied,15,3,0,Thief,15,0
1,16,2,3,2,killed,,23,2,1,Warrior,24,0
1,16,0,3,2,escaped,timeout,14,2,0,Warrior,15,0
2,1,0,1,0,killed,,2,2,1,Thief,2,1
2,1,0,1,0,killed,,2,2,1,Mage,2,1
2,1,0,1,0,escaped,satisfied,2,2,0,Thief,2,0
2,1,0,1,0,escaped,satisfied,1,2,0,Mage,3,0
2,1,0,1,0,killed,,2,0,0,Mage,4,0
2,2,0,1,0,killed,,8,1,1,Warrior,5,1
2,2,0,1,0,killed,,7,3,0,Thief,5,0
2,2,0,1,0,killed,,6,2,0,Cleric,5,0
2,2,0,1,0,killed,,8,2,1,Warrior,5,1
2,2,0,1,0,killed,,7,1,0,Thief,5,0
2,3,0,1,0,killed,,7,3,1,Cleric,6,1
2,3,0,1,0,escaped,hp,9,3,1,Cleric,6,1
2,3,0,1,0,escaped,hp,7,2,1,Thief,7,0
2,3,0,1,0,escaped,hp,6,1,1,Mage,8,0
2,3,0,1,0,escaped,hp,6,2,0,Mage,8,0
2,4,0,1,0,escaped,hp,8,2,0,Cleric,8,0
2,4,0,1,0,killed,,12,2,1,Warrior,8,1
2,4,0,1,0,killed,,9,2,0,Warrior,8,0
2,4,0,1,0,killed,,7,3,0,Cleric,8,0
2,4,0,1,0,killed,,10,1,1,Mage,8,0
2,4,0,1,0,killed,,12,3,1,Warrior,8,1
2,5,0,1,0,killed,,8,1,1,Cleric,8,0
2,5,0,1,0,escaped,hp,11,4,1,Thief,8,1
2,5,0,1,0,escaped,hp,9,2,1,Thief,8,1
2,5,0,1,0,killed,,10,3,1,Cleric,8,1
2,5,0,1,0,escaped,satisfied,8,2,0,Warrior,8,0
2,5,0,1,0,killed,,9,2,1,Cleric,8,0
2,5,0,1,0,killed,,10,2,1,Cleric,8,0
2,5,0,1,0,killed,,11,3,0,Cleric,8,0
2,5,0,1,0,killed,,12,1,1,Thief,8,1
2,5,0,1,0,killed,,14,2,1,Thief,8,1
2,5,0,1,0,killed,,14,3,1,Cleric,8,1
2,6,0,2,1,escaped,stuck,8,1,1,Warrior,9,0
2,6,0,2,1,escaped,hp,12,2,1,Warrior,9,0
2,6,0,2,1,killed,,11,2,1,Thief,9,0
2,6,0,2,1,killed,,10,1,1,Mage,9,0
2,6,0,2,1,killed,,15,1,1,Mage,9,0
2,6,0,2,1,killed,,15,2,1,Mage,9,0
2,6,0,2,1,killed,,12,3,0,Mage,9,0
2,6,0,2,1,killed,,11,2,1,Mage,9,0
2,7,0,2,1,killed,,13,2,0,Thief,10,0
2,7,0,2,1,killed,,12,2,1,Mage,10,0
2,7,0,2,1,killed,,14,3,1,Cleric,10,0
2,7,0,2,1,escaped,hp,13,3,1,Cleric,10,0
2,7,0,2,1,escaped,hp,12,2,1,Mage,10,0
2,7,1,2,1,escaped,satisfied,16,4,1,Thief,13,0
2,7,1,2,1,escaped,hp,11,3,0,Thief,13,0
2,7,1,2,1,escaped,hp,16,2,1,Cleric,13,0
2,8,0,2,1,killed,,10,3,0,Mage,10,0
2,8,0,2,1,killed,,11,2,0,Cleric,10,0
2,8,0,2,1,killed,,10,3,1,Thief,10,0
2,8,0,2,1,killed,,11,3,1,Mage,10,0
2,8,0,2,1,escaped,hp,10,2,0,Cleric,10,0
2,8,0,2,1,killed,,13,2,0,Cleric,10,0
2,8,1,2,1,killed,,16,2,1,Thief,13,1
2,8,1,2,1,killed,,16,2,1,Warrior,13,1
2,8,0,2,1,escaped,satisfied,11,2,0,Thief,10,0
2,9,0,2,1,killed,,11,1,1,Warrior,11,0
2,9,0,2,1,killed,,22,3,1,Cleric,11,0
2,9,0,2,1,killed,,10,1,1,Mage,11,0
2,9,0,2,1,escaped,satisfied,15,2,0,Warrior,11,0
2,9,0,2,1,killed,,14,2,1,Mage,11,0
2,9,0,2,1,escaped,satisfied,14,1,1,Cleric,11,0
2,10,0,2,1,escaped,hp,12,3,1,Warrior,12,0
2,10,0,2,1,escaped,satisfied,15,3,1,Thief,12,0
2,10,0,2,1,escaped,satisfied,24,5,1,Warrior,12,0
2,10,1,2,1,killed,,13,3,1,Mage,15,1
2,10,1,2,1,killed,,16,4,1,Warrior,15,1
2,10,1,2,1,killed,,13,2,1,Cleric,15,1
2,10,1,2,1,escaped,satisfied,14,3,0,Thief,15,0
2,10,1,2,1,killed,,13,2,1,Thief,15,1
2,10,1,2,1,escaped,panic,22,5,1,Thief,15,1
2,10,1,2,1,escaped,panic,18,1,1,Warrior,15,1
2,11,0,2,1,escaped,hp,18,2,0,Mage,13,0
2,11,0,2,1,escaped,hp,17,2,0,Warrior,13,0
2,11,0,2,1,escaped,hp,13,2,0,Thief,13,0
2,11,0,2,1,escaped,satisfied,17,4,0,Warrior,13,0
2,11,1,2,1,killed,,15,4,1,Warrior,16,0
2,11,1,2,1,escaped,satisfied,14,3,1,Thief,16,0
2,11,1,2,1,escaped,satisfied,14,3,0,Mage,16,0
2,11,1,2,1,killed,,19,3,1,Cleric,16,1
2,11,0,2,1,killed,,13,4,1,Mage,13,0
2,11,1,2,1,killed,,19,2,1,Warrior,16,1
2,11,1,2,1,killed,,16,2,0,Thief,16,0
2,11,1,2,1,killed,,18,2,0,Cleric,16,0
2,12,0,3,2,killed,,13,3,1,Mage,13,0
2,12,0,3,2,escaped,stuck,12,3,1,Thief,13,0
2,12,1,3,2,escaped,stuck,15,3,1,Warrior,16,0
2,12,2,3,2,escaped,satisfied,15,3,0,Mage,20,0
2,12,2,3,2,escaped,satisfied,31,5,1,Thief,20,0
2,12,2,3,2,escaped,satisfied,17,3,0,Mage,20,0
2,12,2,3,2,killed,,16,3,1,Cleric,20,0
2,13,0,3,2,escaped,satisfied,19,2,1,Thief,14,0
2,13,0,3,2,killed,,14,2,1,Cleric,14,0
2,13,0,3,2,escaped,satisfied,18,4,0,Warrior,14,0
2,13,1,3,2,escaped,hp,19,2,0,Mage,18,0
2,13,0,3,2,escaped,stuck,12,2,1,Thief,14,0
2,13,1,3,2,escaped,satisfied,15,2,0,Mage,18,0
2,13,1,3,2,escaped,stuck,14,3,1,Cleric,18,0
2,13,2,3,2,killed,,20,2,1,Mage,22,0
2,13,2,3,2,killed,,17,2,1,Warrior,22,1
2,13,2,3,2,escaped,satisfied,18,3,1,Cleric,22,0
2,13,2,3,2,killed,,19,3,1,Warrior,22,1
2,13,2,3,2,killed,,24,2,1,Warrior,22,1
2,14,0,3,2,killed,,15,2,1,Mage,14,0
2,14,0,3,2,killed,,16,4,0,Cleric,14,0
2,14,0,3,2,killed,,14,3,1,Warrior,14,0
2,14,0,3,2,killed,,15,2,0,Thief,14,0
2,14,1,3,2,escaped,hp,19,4,1,Warrior,19,0
2,14,0,3,2,escaped,hp,17,3,0,Thief,14,0
2,14,2,3,2,escaped,satisfied,17,3,0,Thief,23,0
2,14,2,3,2,killed,,17,4,1,Cleric,23,1
2,14,2,3,2,killed,,17,4,1,Thief,23,1
2,14,2,3,2,killed,,21,3,1,Thief,23,1
2,14,2,3,2,escaped,hp,18,3,0,Thief,23,0
2,14,2,3,2,escaped,satisfied,20,4,1,Mage,23,0
2,14,2,3,2,escaped,panic,43,6,1,Thief,23,1
2,15,0,3,2,killed,,13,3,0,Cleric,15,0
2,15,2,3,2,escaped,satisfied,26,5,1,Warrior,24,0
2,15,2,3,2,escaped,satisfied,24,4,1,Warrior,24,0
2,15,2,3,2,killed,,18,2,1,Cleric,24,0
2,15,2,3,2,killed,,21,2,1,Cleric,24,0
2,15,1,3,2,escaped,satisfied,17,4,0,Thief,20,0
2,15,2,3,2,killed,,20,4,1,Warrior,24,0
2,15,2,3,2,killed,,20,2,1,Cleric,24,0
2,15,2,3,2,killed,,22,2,1,Cleric,24,0
2,15,2,3,2,escaped,satisfied,20,4,1,Warrior,24,0
2,15,2,3,2,killed,,28,3,1,Thief,24,0
2,15,2,3,2,killed,,18,3,1,Warrior,24,0
2,15,2,3,2,killed,,20,3,1,Thief,24,0
2,15,2,3,2,killed,,18,3,1,Thief,24,0
2,15,2,3,2,killed,,22,3,1,Warrior,24,0
2,15,2,3,2,killed,,22,2,1,Warrior,24,0
2,15,2,3,2,killed,,25,4,1,Mage,24,0
2,15,2,3,2,killed,,21,4,1,Mage,24,1
2,15,2,3,2,killed,,20,3,1,Mage,24,1
2,15,0,3,2,killed,,14,3,0,Cleric,15,0
2,16,0,3,2,killed,,19,4,0,Mage,15,0
2,16,0,3,2,killed,,15,3,0,Warrior,15,0
2,16,0,3,2,killed,,14,3,1,Thief,15,0
2,16,1,3,2,escaped,satisfied,19,4,0,Mage,20,0
2,16,2,3,2,killed,,21,4,0,Cleric,24,0
2,16,2,3,2,killed,,20,4,1,Thief,24,0
2,16,1,3,2,escaped,stuck,16,4,1,Thief,20,0
2,16,1,3,2,escaped,stuck,16,4,1,Cleric,20,0
2,16,1,3,2,escaped,satisfied,17,5,0,Thief,20,0
2,16,1,3,2,escaped,stuck,16,3,1,Cleric,20,0
2,16,2,3,2,escaped,satisfied,58,6,1,Thief,24,0
2,16,1,3,2,escaped,stuck,17,2,1,Cleric,20,0
2,16,1,3,2,escaped,stuck,17,2,1,Warrior,20,0
2,16,2,3,2,killed,,19,4,1,Thief,24,0
2,16,2,3,2,killed,,23,3,1,Thief,24,0
2,16,2,3,2,killed,,23,3,1,Thief,24,0
