run,turn,N,b,g,A,D,E,busy_sec,lambda,mu,rho,q_max,L,K,lord_hp_start,lord_hp_end,sigma_start,sigma_end,grave,burned,engaged_sec,mu_eng,rho_eng,eng_max,contact_sec,dt_mean,fatigue_end
1,1,5,2,8.8,5,2,3,30.522,0.268,0.066,4.094,3,7,1,1,1,1,1,0,0,15.152,0.132,2.032,2,4.621,0.021,0
1,2,5,2,8.6,5,2,3,34.469,0.275,0.058,4.747,4,7,3,1,1,1,1,0,0,22.021,0.091,3.033,3,2.886,0.022,0
1,3,5,2,8.4,5,4,1,38.474,0.281,0.104,2.704,5,19,2,1,1,1,1,0,0,35.952,0.111,2.527,4,0.687,0.025,0
1,4,6,2,8.2,6,3,3,30.634,0.339,0.098,3.457,4,19,3,1,1,1,1,0,0,18.387,0.163,2.075,4,0.833,0.022,0
1,5,11,4,8,11,9,2,30.129,0.59,0.299,1.975,11,26,4,1,1,1,1,0,0,13.59,0.662,0.891,8,3.945,0.03,0
1,6,8,3,7.8,8,5,3,185.724,0.45,0.027,16.725,8,41,6,1,1,1,1,0,0,18.384,0.272,1.656,4,6.795,0.023,0
1,7,9,3,7.6,9,3,6,62.727,0.492,0.048,10.289,8,124,5,1,1,1,1,0,0,23.009,0.13,3.774,4,5.532,0.032,0
1,8,12,4,7.4,12,5,7,45.427,0.647,0.11,5.876,8,124,7,1,1,1,1,0,0,26.458,0.189,3.422,7,3.073,0.033,0
1,9,13,5,7.2,13,4,9,189.037,0.743,0.021,35.127,13,124,8,1,1,1,1,0,0,27.165,0.147,5.048,5,4.641,0.028,0
1,10,16,6,7,16,5,11,70.167,0.863,0.071,12.112,15,138,7,1,0.954,1,0.954,0,0,24.519,0.204,4.233,6,10.16,0.037,0
1,11,15,5,6.8,15,5,10,75.674,0.828,0.066,12.524,13,138,9,0.954,0.991,0.954,0.991,0,0,30.102,0.166,4.982,5,5.95,0.037,0
1,12,15,5,6.6,15,7,8,193.035,0.86,0.036,23.707,10,138,11,0.991,1,0.991,1,0,0,24.04,0.291,2.952,6,8.742,0.032,0
1,13,16,6,6.4,16,4,12,191.211,0.903,0.021,43.142,15,178,11,1,0.889,1,0.889,0,0,33.303,0.12,7.514,9,3.959,0.037,0
1,14,17,6,6.2,17,9,8,73.257,1.012,0.123,8.234,12,222,15,0.889,0.967,0.889,0.967,0,0,41.604,0.216,4.677,6,5.933,0.046,0
1,15,30,7,6,30,7,23,84.75,1.041,0.083,12.609,25,222,18,0.967,0.762,0.967,0.762,0,0,38.092,0.184,5.667,11,11.455,0.059,0
1,16,20,7,5.8,20,2,18,193.262,1.237,0.01,119.515,19,222,20,0.762,0.642,0.762,0.642,0,0,37.069,0.054,22.923,10,3.989,0.049,0
1,17,34,7,5.6,34,7,27,193.215,1.14,0.036,31.458,31,240,24,0.642,0.743,0.642,0.743,0,0,55.038,0.127,8.961,11,3.975,0.051,0
1,18,22,7,5.4,22,4,18,190.708,0.935,0.021,44.571,21,240,30,0.743,0.574,0.743,0.574,0,0,49.894,0.08,11.661,8,2.105,0.048,0
1,19,24,7,5.2,24,9,18,105.958,1.061,0.085,12.49,13,261,25,0.574,0.824,0.574,0.824,0,0,49.318,0.182,5.814,8,3.957,0.054,0
1,20,26,7,5,26,8,18,190.641,1.095,0.042,26.098,22,261,31,0.824,0.813,0.824,0.813,0,0,45.458,0.176,6.223,9,7.681,0.05,0
1,21,15,5,5,15,5,10,188.851,0.986,0.026,37.249,15,261,38,0.813,0.721,0.813,0.721,0,0,56.079,0.089,11.061,5,6.803,0.044,0
1,22,30,7,5,30,5,25,191.949,1.015,0.026,38.977,30,261,49,0.721,0.213,0.721,0.213,0,0,52.548,0.095,10.67,15,10.689,0.064,0
1,23,31,7,5,31,8,24,185.573,1.029,0.043,23.86,18,261,58,0.213,0.416,0.213,0.416,0,0,68.204,0.117,8.769,10,1.392,0.045,0
1,24,36,7,5,36,14,22,189.672,1.149,0.074,15.567,35,267,60,0.416,0.426,0.416,0.426,0,0,58.321,0.24,4.787,17,14.625,0.062,0
1,25,40,7,5,40,9,31,185.983,1.233,0.048,25.472,40,303,70,0.426,0.19,0.426,0.19,0,1,71.072,0.127,9.734,16,7.515,0.063,1
1,26,45,7,5,45,11,34,190.339,1.19,0.058,20.592,45,326,84,0.19,0.388,0.19,0.388,0,0,97.423,0.113,10.54,22,16.868,0.085,0.75
1,27,49,7,5,49,20,29,129.861,1.306,0.154,8.481,48,409,80,0.388,0.651,0.388,0.651,0,0,70.923,0.282,4.632,40,6.133,0.095,0.5
1,28,66,7,5,66,18,49,194.915,1.253,0.092,13.566,52,497,37,0.651,0.301,0.651,0.301,0,0,87.275,0.206,6.074,37,4.746,0.125,0.25
1,29,42,7,5,42,11,33,185.633,1.115,0.059,18.819,21,497,45,0.301,0.506,0.301,0.506,0,0,70.342,0.156,7.131,9,5.767,0.09,0
1,30,56,7,5,56,7,51,194.9,1.313,0.036,36.552,49,497,58,0.506,0.15,0.506,0.15,0,1,91.501,0.077,17.16,43,11.072,0.127,1
1,31,57,7,5,57,12,45,194.924,1.062,0.062,17.246,34,497,72,0.15,0.334,0.15,0.334,0,0,75.416,0.159,6.672,10,3.66,0.083,0.75
1,32,58,7,5,58,16,43,194.899,1.068,0.082,13.014,35,497,97,0.334,0.545,0.334,0.545,0,0,124.102,0.129,8.287,16,8.719,0.132,0.5
1,33,59,7,5,59,23,36,194.911,1.237,0.118,10.479,50,497,110,0.545,0.8,0.545,0.8,0,0,109.42,0.21,5.883,32,5.159,0.128,0.25
1,34,94,7,5,94,28,69,194.714,1.306,0.144,9.08,82,497,110,0.8,1,0.8,1,0,0,140.44,0.199,6.549,39,12.217,0.195,0
1,35,62,7,5,62,20,42,192.297,1.31,0.104,12.597,55,497,110,1,1,1,1,0,0,117.32,0.17,7.686,19,11.315,0.149,0
1,36,59,7,5,59,19,40,192.313,1.239,0.099,12.54,52,497,110,1,1,1,1,0,0,99.701,0.191,6.501,25,10.19,0.142,0
1,37,32,7,5,32,13,20,190.692,1.177,0.068,17.271,27,497,110,1,1,1,1,0,0,78.941,0.165,7.15,11,12.952,0.087,0
1,38,58,7,5,58,15,45,189.773,1.228,0.079,15.541,47,497,110,1,1,1,1,0,0,91.072,0.165,7.458,23,5.458,0.128,0
1,39,59,7,5,59,20,40,187.788,1.265,0.107,11.88,47,497,110,1,1,1,1,0,0,102.103,0.196,6.46,18,6.859,0.106,0
1,40,59,7,5,59,18,42,191.435,1.25,0.094,13.29,48,497,110,1,1,1,1,0,0,85.701,0.21,5.95,27,12.126,0.133,0
1,41,44,7,5,44,17,27,192.417,1.186,0.088,13.422,38,497,110,1,1,1,1,0,0,99.272,0.171,6.925,14,11.969,0.122,0
1,42,59,7,5,59,11,49,194.659,1.254,0.057,22.197,51,497,110,1,1,1,1,0,0,115.35,0.095,13.154,22,13.439,0.132,0
1,43,71,7,5,71,22,49,194.45,1.243,0.113,10.986,64,497,110,1,1,1,1,0,0,119.23,0.185,6.736,30,7.574,0.151,0
1,44,59,7,5,59,17,42,191.313,1.213,0.089,13.647,46,497,110,1,1,1,1,0,0,104.593,0.163,7.461,15,13.318,0.135,0
1,45,94,7,5,94,8,87,194.936,1.287,0.041,31.366,92,497,110,1,1,1,1,0,0,144.039,0.056,23.177,70,10.753,0.233,0
1,46,59,7,5,59,10,49,193.407,1.236,0.052,23.907,54,497,110,1,1,1,1,0,0,105.578,0.095,13.05,25,8.984,0.154,0
1,47,59,7,5,59,12,47,194.134,1.251,0.062,20.234,50,497,110,1,1,1,1,0,0,111.658,0.107,11.638,32,8.202,0.147,0
1,48,60,7,5,60,29,31,132.49,1.262,0.219,5.763,46,497,110,1,1,1,1,0,0,76.234,0.38,3.316,35,3.787,0.142,0
1,49,62,7,5,62,29,34,194.543,1.33,0.149,8.919,52,497,110,1,1,1,1,0,0,97.686,0.297,4.478,17,10.173,0.13,0
1,50,67,7,5,67,31,37,194.929,1.271,0.159,7.99,55,497,110,1,1,1,1,0,0,84.496,0.367,3.464,27,7.278,0.145,0
1,51,70,7,5,70,38,34,194.89,1.33,0.195,6.823,53,579,117,1,1,1,1,0,0,107.984,0.352,3.78,33,4.41,0.158,0
1,52,76,7,5,76,39,37,194.741,1.317,0.2,6.574,59,579,141,1,1,1,1,0,0,109.273,0.357,3.689,30,9.133,0.151,0
1,53,79,7,5,79,41,38,194.163,1.256,0.211,5.95,59,579,144,1,1,1,1,0,0,118.467,0.346,3.63,27,7.019,0.169,0
1,54,92,7,5,92,73,21,185.992,1.303,0.392,3.319,52,579,144,1,1,1,1,0,0,98.737,0.739,1.762,27,0.903,0.129,0
1,55,81,7,5,81,40,45,192.182,1.291,0.208,6.202,68,579,144,1,1,1,1,0,0,98.43,0.406,3.176,40,8.158,0.2,0
1,56,81,7,5,81,23,59,194.899,1.292,0.118,10.945,78,579,144,1,1,1,1,0,0,106.595,0.216,5.986,37,8.201,0.221,0
1,57,94,7,5,94,3,91,194.9,1.283,0.015,83.361,94,579,144,1,1,1,1,0,0,75.976,0.039,32.496,81,29.072,0.265,0
1,58,83,7,5,83,43,41,191.916,1.323,0.224,5.903,70,579,144,1,1,1,1,0,0,118.606,0.363,3.648,32,4.509,0.214,0
1,59,83,7,5,83,28,56,190.754,1.35,0.147,9.198,72,579,144,1,1,1,1,0,0,115.836,0.242,5.585,33,7.569,0.209,0
1,60,83,7,5,83,27,58,190.214,1.322,0.142,9.315,79,579,144,1,1,1,1,0,0,104.195,0.259,5.103,64,10.164,0.244,0
1,61,83,7,5,83,28,55,192.67,1.327,0.145,9.129,70,579,144,1,1,1,1,0,0,117.707,0.238,5.577,43,7.578,0.212,0
1,62,83,7,5,83,20,63,194.853,1.345,0.103,13.1,77,579,144,1,1,1,1,0,0,122.446,0.163,8.232,31,15.51,0.229,0
1,63,83,7,5,83,44,40,192.277,1.279,0.229,5.591,47,579,144,1,1,1,1,0,0,117.451,0.375,3.415,24,0.99,0.144,0
1,64,90,7,5,90,7,83,194.694,1.345,0.036,37.397,85,579,144,1,1,1,1,0,0,119.204,0.059,22.897,38,11.53,0.247,0
1,65,93,7,5,93,5,89,194.888,1.279,0.026,49.848,89,579,144,1,1,1,1,0,0,124.959,0.04,31.962,43,12.954,0.266,0
1,66,90,7,5,90,6,84,194.888,1.325,0.031,43.038,90,579,144,1,1,1,1,0,0,126.15,0.048,27.858,72,10.151,0.274,0
1,67,102,7,5,102,9,95,195.009,1.31,0.046,28.393,93,579,144,1,1,1,1,0,0,133.067,0.068,19.374,41,8.234,0.293,0
1,68,90,7,5,90,15,78,194.88,1.324,0.077,17.195,83,579,144,1,1,1,1,0,0,108.962,0.138,9.614,42,12.743,0.248,0
2,1,5,2,8.8,5,3,2,30.656,0.269,0.098,2.748,3,8,1,1,1,1,1,0,0,14.593,0.206,1.308,2,4.626,0.051,0
2,2,5,2,8.6,5,2,3,27.83,0.275,0.072,3.823,3,8,5,1,1,1,1,0,0,12.488,0.16,1.716,2,4.907,0.052,0
2,3,5,2,8.4,5,5,0,33.325,0.281,0.15,1.873,3,8,8,1,1,1,1,0,0,24.008,0.208,1.35,3,1.676,0.06,0
2,4,10,4,8.2,10,9,1,25.183,0.524,0.357,1.466,7,8,8,1,1,1,1,0,0,20.443,0.44,1.19,7,2.039,0.071,0
2,5,10,4,8,10,9,1,18.877,0.532,0.477,1.116,5,8,8,1,1,1,1,0,0,13.421,0.671,0.794,5,1.76,0.069,0
2,6,8,3,7.8,8,8,0,19.215,0.454,0.416,1.091,4,8,8,1,1,1,1,0,0,17.463,0.458,0.991,4,1.692,0.068,0
2,7,8,3,7.6,8,6,2,24.521,0.463,0.245,1.892,5,8,8,1,1,1,1,0,0,22.554,0.266,1.74,5,1.454,0.074,0
2,8,9,3,7.4,9,6,3,27.133,0.524,0.221,2.371,5,8,8,1,1,1,1,0,0,25.194,0.238,2.202,4,1.442,0.07,0
2,9,5,2,7.2,5,5,0,21.579,0.326,0.232,1.406,2,8,8,1,1,1,1,0,0,19.585,0.255,1.276,2,1.172,0.067,0
2,10,9,3,7,9,9,0,21.653,0.547,0.416,1.317,6,8,8,1,1,1,1,0,0,18.527,0.486,1.127,6,1.565,0.079,0
2,11,10,4,6.8,10,10,0,24.653,0.61,0.406,1.504,7,8,8,1,1,1,1,0,0,22.415,0.446,1.367,7,2.52,0.075,0
2,12,10,4,6.6,10,7,3,22.681,0.628,0.309,2.033,6,8,8,1,1,1,1,0,0,20.876,0.335,1.871,5,2.712,0.075,0
2,13,17,6,6.4,17,16,1,25.66,0.944,0.624,1.514,10,8,8,1,1,1,1,0,0,24.53,0.652,1.448,9,2.37,0.085,0
2,14,11,4,6.2,11,10,1,25.814,0.709,0.387,1.831,7,8,8,1,1,1,1,0,0,23.119,0.433,1.64,7,1.813,0.076,0
2,15,18,6,6,18,18,0,30.082,1.02,0.598,1.704,12,8,8,1,1,1,1,0,0,28.98,0.621,1.642,12,1.674,0.101,0
2,16,12,4,5.8,12,12,0,26.623,0.797,0.451,1.768,10,8,8,1,1,1,1,0,0,24.499,0.49,1.627,10,2.415,0.087,0
2,17,13,5,5.6,13,3,10,58.637,0.865,0.051,16.908,10,8,8,1,1,1,1,0,0,53.209,0.056,15.342,10,3.856,0.079,0
2,18,14,5,5.4,14,14,0,31.182,0.931,0.449,2.074,8,8,8,1,1,1,1,0,0,30.316,0.462,2.017,5,2.348,0.091,0
2,19,21,7,5.2,21,16,5,36.784,1.242,0.435,2.855,11,8,8,1,1,1,1,0,0,35.083,0.456,2.723,9,2.138,0.083,0
2,20,16,6,5,16,14,2,26.495,1.078,0.528,2.04,10,8,8,1,1,1,1,0,0,25.633,0.546,1.974,10,2.578,0.089,0
2,21,17,6,5,17,12,5,40.527,1.114,0.296,3.761,10,8,8,1,1,1,1,0,0,38.09,0.315,3.535,10,3.462,0.082,0
2,22,18,6,5,18,10,9,28.485,1.151,0.351,3.28,14,8,8,1,0.82,1,0.82,0,0,25.474,0.393,2.933,14,2.104,0.092,0
2,23,33,7,5,33,16,17,36.69,1.086,0.436,2.491,14,8,8,0.82,0.803,0.82,0.803,0,0,30.535,0.524,2.073,11,2.351,0.097,0
2,24,24,7,5,24,8,16,27.285,1.088,0.293,3.709,15,8,8,0.803,0.82,0.803,0.82,0,0,24.687,0.324,3.356,13,2.235,0.09,0
2,25,39,7,5,39,32,7,39.924,1.038,0.802,1.295,12,8,8,0.82,0.428,0.82,0.428,0,1,36.403,0.879,1.181,11,1.325,0.094,1
2,26,32,7,5,32,11,21,35.669,1.054,0.308,3.417,18,8,8,0.428,0.238,0.428,0.238,0,1,33.478,0.329,3.207,17,1.941,0.096,2
2,27,36,7,5,36,26,10,41.433,0.985,0.628,1.57,16,8,8,0.238,0.389,0.238,0.389,0,1,39.814,0.653,1.508,14,1.535,0.103,3
2,28,40,7,5,40,32,8,41.451,1.032,0.772,1.337,9,8,8,0.389,0.42,0.389,0.42,0,1,39.5,0.81,1.274,8,1.496,0.104,4
2,29,40,7,5,40,35,5,40.979,1.081,0.854,1.266,11,8,8,0.42,0.45,0.42,0.45,0,1,37.824,0.925,1.168,10,1.714,0.106,5
2,30,54,7,5,54,49,5,56.457,1.025,0.868,1.181,12,8,8,0.45,0.463,0.45,0.463,0,1,52.288,0.937,1.094,11,1.629,0.137,6
2,31,43,7,5,43,24,19,48.829,0.993,0.492,2.021,14,8,8,0.463,0.323,0.463,0.323,0,1,44.514,0.539,1.842,13,2.273,0.099,7
2,32,44,7,5,44,32,12,50.077,1.003,0.639,1.57,13,8,8,0.323,0.391,0.323,0.391,0,1,45.878,0.697,1.439,11,2.472,0.102,8
2,33,46,7,5,46,36,10,49.62,1.032,0.726,1.422,12,8,8,0.391,0.413,0.391,0.413,0,1,46.756,0.77,1.34,12,1.947,0.132,9
2,34,75,7,5,75,55,20,73.954,1.035,0.744,1.392,13,8,8,0.413,0.393,0.413,0.393,0,1,59.482,0.925,1.119,10,1.917,0.103,10
2,35,46,7,5,46,38,8,45.327,1.034,0.838,1.234,12,8,8,0.393,0.43,0.393,0.43,0,1,39.788,0.955,1.083,11,1.68,0.113,11
2,36,46,7,5,46,38,8,47.065,1.028,0.807,1.273,12,8,8,0.43,0.43,0.43,0.43,0,1,41.938,0.906,1.134,10,2.084,0.122,12
2,37,58,7,5,58,50,8,56.203,1.002,0.89,1.126,12,8,8,0.43,0.445,0.43,0.445,0,1,49.915,1.002,1,11,1.509,0.13,13
3,1,5,2,8.8,5,4,1,25.854,0.269,0.155,1.737,3,9,1,1,1,1,1,0,0,18.128,0.221,1.218,2,3.019,0.07,0
3,2,5,2,8.6,5,2,3,29.112,0.275,0.069,4.002,4,9,3,1,1,1,1,0,0,18.778,0.107,2.582,3,3.3,0.072,0
3,3,5,2,8.4,5,4,1,63.95,0.281,0.063,4.49,3,9,5,1,1,1,1,0,0,59.926,0.067,4.207,3,1.714,0.067,0
3,4,6,2,8.2,6,6,0,38.714,0.339,0.155,2.187,4,9,6,1,1,1,1,0,0,36.576,0.164,2.066,4,1.329,0.073,0
3,5,11,4,8,11,6,5,35.069,0.566,0.171,3.308,7,92,8,1,1,1,1,0,0,27.205,0.221,2.567,7,2.075,0.087,0
3,6,13,5,7.8,13,6,7,44.673,0.714,0.134,5.319,11,108,2,1,1,1,1,0,0,22.082,0.272,2.629,7,5.096,0.092,0
3,7,8,3,7.6,8,4,4,31.262,0.445,0.128,3.477,5,70,5,1,1,1,1,0,0,29.547,0.135,3.286,5,1.111,0.086,0
3,8,10,4,7.4,10,5,5,161.106,0.55,0.031,17.735,9,89,7,1,1,1,1,0,0,32.147,0.156,3.539,5,14.166,0.073,0
3,9,7,3,7.2,7,5,2,25.205,0.436,0.198,2.196,6,89,8,1,1,1,1,0,0,24.758,0.202,2.157,4,0.883,0.09,0
3,10,12,4,7,12,7,5,54.688,0.687,0.128,5.37,10,89,9,1,0.93,1,0.93,0,0,34.626,0.202,3.4,6,4.039,0.089,0
3,11,13,5,6.8,13,4,9,60.727,0.771,0.066,11.699,12,172,10,0.93,1,0.93,1,0,0,25.097,0.159,4.835,8,2.09,0.08,0
3,12,21,7,6.6,21,6,15,183.694,1.047,0.033,32.05,15,128,11,1,1,1,1,0,0,33.097,0.181,5.774,8,4.346,0.08,0
3,13,24,7,6.4,24,6,18,187.963,0.988,0.032,30.937,20,169,13,1,1,1,1,0,0,33.235,0.181,5.47,8,7.015,0.074,0
3,14,17,6,6.2,17,2,15,186.292,0.98,0.011,91.276,17,169,18,1,0.726,1,0.726,0,0,40.036,0.05,19.616,13,6.611,0.077,0
3,15,27,7,6,27,14,13,188.635,1.155,0.074,15.556,23,169,41,0.726,1,0.726,1,0,0,48.03,0.291,3.961,15,2.025,0.072,0
3,16,20,7,5.8,20,10,10,103.549,1.078,0.097,11.167,15,188,28,1,1,1,1,0,0,39.881,0.251,4.301,11,2.523,0.079,0
3,17,21,7,5.6,21,4,17,188.576,1.223,0.021,57.676,20,201,14,1,0.632,1,0.632,0,0,45.575,0.088,13.939,11,14.15,0.078,0
3,18,22,7,5.4,22,2,20,191.365,0.95,0.01,90.879,21,201,19,0.632,0.768,0.632,0.768,0,0,41.605,0.048,19.758,19,5.81,0.089,0
3,19,24,7,5.2,24,6,18,188.5,1.086,0.032,34.124,23,230,15,0.768,0.784,0.768,0.784,0,0,46.807,0.128,8.474,12,9.681,0.075,0
3,20,26,7,5,26,5,21,188.007,1.152,0.027,43.32,26,230,25,0.784,0.57,0.784,0.57,0,0,37.955,0.132,8.745,12,12.741,0.077,0
3,21,28,7,5,28,6,22,189.418,1.241,0.032,39.178,28,230,51,0.57,0.699,0.57,0.699,0,0,56.78,0.106,11.744,13,17.526,0.108,0
3,22,30,7,5,30,14,16,192.294,1.084,0.073,14.891,25,230,53,0.699,0.985,0.699,0.985,0,0,53.156,0.263,4.116,11,2.019,0.097,0
3,23,31,7,5,31,4,27,192.36,1.127,0.021,54.204,31,246,39,0.985,0.583,0.985,0.583,0,0,74.621,0.054,21.027,13,8.63,0.133,0
3,24,36,7,5,36,5,31,190.118,1.077,0.026,40.937,32,246,39,0.583,0.723,0.583,0.723,0,0,80.184,0.062,17.265,14,6.946,0.133,0
3,25,40,7,5,40,3,37,191.466,1.241,0.016,79.189,40,294,40,0.723,0.481,0.723,0.481,0,0,71.483,0.042,29.565,28,8.091,0.121,0
3,26,84,7,5,84,3,81,194.977,1.307,0.015,84.929,83,321,51,0.481,0.114,0.481,0.114,0,1,130.619,0.023,56.896,44,6.473,0.227,1
3,27,48,7,5,48,9,39,188.946,1.067,0.048,22.393,24,390,77,0.114,0.289,0.114,0.289,0,0,97.587,0.092,11.566,18,3.9,0.133,0.75
3,28,53,7,5,53,18,35,104.206,1.022,0.173,5.919,21,482,46,0.289,0.525,0.289,0.525,0,0,77.726,0.232,4.415,13,4.387,0.207,0.5
3,29,55,7,5,55,36,19,194.274,1.258,0.185,6.786,29,503,67,0.525,0.887,0.525,0.887,0,0,76.303,0.472,2.665,11,3.307,0.182,0.25
3,30,56,7,5,56,14,42,193.625,1.239,0.072,17.133,50,503,72,0.887,1,0.887,1,0,0,118.825,0.118,10.514,26,5.384,0.28,0
3,31,57,7,5,57,36,21,187.003,0.983,0.193,5.107,25,503,72,1,1,1,1,0,0,97.764,0.368,2.67,13,1.629,0.22,0
3,32,58,7,5,58,28,30,194.481,1.163,0.144,8.08,44,503,72,1,1,1,1,0,0,102.013,0.274,4.238,22,4.572,0.263,0
3,33,59,7,5,59,31,28,194.288,1.184,0.16,7.419,46,503,72,1,1,1,1,0,0,119.472,0.259,4.562,17,6.23,0.245,0
3,34,59,7,5,59,17,42,194.834,1.198,0.087,13.731,48,503,72,1,1,1,1,0,0,106.335,0.16,7.494,26,8.763,0.275,0
3,35,59,7,5,59,24,35,185.314,1.181,0.13,9.117,49,503,72,1,1,1,1,0,0,116.116,0.207,5.712,29,5.739,0.279,0
3,36,59,7,5,59,26,33,190.554,1.176,0.136,8.616,43,503,72,1,1,1,1,0,0,125.614,0.207,5.68,16,7.917,0.271,0
3,37,71,7,5,71,35,36,191.954,1.097,0.182,6.019,51,503,72,1,1,1,1,0,0,121.418,0.288,3.807,32,3.276,0.297,0
3,38,59,7,5,59,12,47,194.124,1.152,0.062,18.631,53,503,72,1,1,1,1,0,0,125.056,0.096,12.002,20,6.811,0.311,0
3,39,94,7,5,94,35,60,194.538,1.198,0.18,6.658,63,503,72,1,1,1,1,0,0,147.495,0.237,5.048,45,5.369,0.369,0
3,40,59,7,5,59,18,41,194.962,1.183,0.092,12.816,52,503,72,1,1,1,1,0,0,120.405,0.149,7.915,31,3.855,0.344,0
3,41,59,7,5,59,17,42,194.951,1.128,0.087,12.938,53,503,72,1,1,1,1,0,0,120.034,0.142,7.966,30,3.528,0.345,0
3,42,59,7,5,59,27,32,194.923,1.132,0.139,8.173,44,503,72,1,1,1,1,0,0,99.639,0.271,4.178,21,3.189,0.276,0
3,43,94,7,5,94,23,71,195.024,1.148,0.118,9.735,70,503,72,1,1,1,1,0,0,132.589,0.173,6.618,38,7.821,0.423,0
3,44,59,7,5,59,28,31,193.696,1.103,0.145,7.63,42,503,72,1,1,1,1,0,0,117.668,0.238,4.635,25,3.991,0.315,0
3,45,62,7,5,62,22,40,193.147,1.242,0.114,10.906,50,503,72,1,1,1,1,0,0,112.992,0.195,6.38,31,7.278,0.312,0
3,46,59,7,5,59,25,34,195.134,1.178,0.128,9.197,50,503,72,1,1,1,1,0,0,117.564,0.213,5.541,31,4.196,0.305,0
3,47,59,7,5,59,33,26,193.355,1.047,0.171,6.137,32,503,72,1,1,1,1,0,0,97.019,0.34,3.079,13,1.306,0.258,0
3,48,72,7,5,72,42,30,194.365,1.155,0.216,5.344,44,503,72,1,1,1,1,0,0,111.778,0.376,3.073,28,5.504,0.301,0
3,49,63,7,5,63,46,17,181.44,1.264,0.254,4.986,37,503,72,1,1,1,1,0,0,108.424,0.424,2.98,14,4.481,0.227,0
3,50,67,7,5,67,67,0,65.043,1.016,1.03,0.986,9,503,72,1,1,1,1,0,0,57.737,1.16,0.875,8,0.933,0.223,0
3,51,69,7,5,69,55,14,165.11,1.032,0.333,3.099,20,562,74,1,1,1,1,0,0,96.125,0.572,1.804,14,2.637,0.231,0
3,52,75,7,5,75,64,11,194.291,1.25,0.329,3.793,30,587,87,1,1,1,1,0,0,99.815,0.641,1.949,13,6.26,0.239,0
3,53,78,7,5,78,59,19,195.004,0.985,0.303,3.256,28,587,104,1,1,1,1,0,0,124.237,0.475,2.075,13,6.373,0.258,0
3,54,44,7,5,44,34,10,113.164,1.133,0.3,3.77,18,587,104,1,1,1,1,0,0,59.709,0.569,1.989,12,1.964,0.246,0
3,55,80,7,5,80,57,23,194.803,1.233,0.293,4.214,46,587,104,1,1,1,1,0,0,114.691,0.497,2.481,24,5.124,0.299,0
3,56,81,7,5,81,50,31,194.465,1.17,0.257,4.55,47,587,104,1,1,1,1,0,0,117.943,0.424,2.76,27,3.448,0.306,0
3,57,81,7,5,81,48,33,194.838,1.135,0.246,4.608,52,587,104,1,1,1,1,0,0,123.595,0.388,2.923,17,8.283,0.311,0
3,58,82,7,5,82,53,29,188.849,1.263,0.281,4.499,41,587,104,1,1,1,1,0,0,127.142,0.417,3.029,30,4.73,0.286,0
3,59,95,7,5,95,27,68,194.755,1.274,0.139,9.19,73,587,104,1,1,1,1,0,0,108.948,0.248,5.141,38,9.548,0.437,0
3,60,86,7,5,86,35,51,195.077,1.229,0.179,6.85,63,587,104,1,1,1,1,0,0,109.878,0.319,3.858,40,5.835,0.408,0
3,61,83,7,5,83,39,44,194.896,1.2,0.2,5.997,57,587,104,1,1,1,1,0,0,120.384,0.324,3.704,24,7.884,0.348,0
3,62,83,7,5,83,31,52,194.898,1.272,0.159,8,64,587,104,1,1,1,1,0,0,113.031,0.274,4.64,44,7.68,0.399,0
3,63,83,7,5,83,31,52,194.896,1.199,0.159,7.535,62,587,104,1,1,1,1,0,0,106.18,0.292,4.105,31,6.78,0.393,0
3,64,83,7,5,83,35,48,194.867,1.295,0.18,7.208,61,587,104,1,1,1,1,0,0,94.662,0.37,3.502,35,10.586,0.398,0
3,65,83,7,5,83,30,53,195.122,1.294,0.154,8.416,66,587,104,1,1,1,1,0,0,98.075,0.306,4.23,33,8.833,0.405,0
3,66,83,7,5,83,17,66,195.165,1.203,0.087,13.81,70,587,104,1,1,1,1,0,0,118.61,0.143,8.393,48,6.098,0.442,0
3,67,83,7,5,83,32,51,195.026,1.213,0.164,7.393,64,587,104,1,1,1,1,0,0,124.181,0.258,4.707,29,8.794,0.392,0
3,68,46,7,5,46,25,21,194.957,1.029,0.128,8.023,28,587,104,1,1,1,1,0,0,99.366,0.252,4.089,16,5.138,0.281,0
4,1,5,2,8.8,5,2,3,30.207,0.27,0.066,4.07,3,8,1,1,1,1,1,0,0,11.57,0.173,1.559,3,4.061,0.074,0
4,2,5,2,8.6,5,5,0,20.43,0.275,0.245,1.126,2,8,5,1,1,1,1,0,0,14.821,0.337,0.817,2,1.765,0.073,0
4,3,5,2,8.4,5,5,0,20.21,0.281,0.247,1.138,3,8,8,1,1,1,1,0,0,17.392,0.287,0.979,2,1.757,0.078,0
4,4,10,4,8.2,10,7,3,21.603,0.523,0.324,1.615,5,8,8,1,1,1,1,0,0,20.495,0.342,1.533,4,0.761,0.086,0
4,5,11,4,8,11,11,0,22.779,0.576,0.483,1.192,5,8,8,1,1,1,1,0,0,20.469,0.537,1.072,5,2.227,0.096,0
4,6,8,3,7.8,8,8,0,19.645,0.454,0.407,1.114,4,8,8,1,1,1,1,0,0,17.24,0.464,0.978,4,1.669,0.09,0
4,7,8,3,7.6,8,7,1,21.262,0.465,0.329,1.413,4,8,8,1,1,1,1,0,0,18.755,0.373,1.246,3,1.65,0.102,0
4,8,9,3,7.4,9,9,0,26.805,0.524,0.336,1.56,5,8,8,1,1,1,1,0,0,24.897,0.361,1.449,5,1.449,0.098,0
4,9,9,3,7.2,9,9,0,21.702,0.539,0.415,1.299,3,8,8,1,1,1,1,0,0,16.504,0.545,0.988,3,1.506,0.091,0
4,10,14,5,7,14,8,6,24.737,0.772,0.323,2.387,9,8,8,1,1,1,1,0,0,23.436,0.341,2.261,9,1.273,0.107,0
4,11,16,6,6.8,16,16,0,25.105,0.869,0.637,1.363,9,8,8,1,1,1,1,0,0,24.267,0.659,1.318,7,2.086,0.109,0
4,12,10,4,6.6,10,10,0,23.579,0.628,0.424,1.48,5,8,8,1,1,1,1,0,0,21.482,0.465,1.348,4,1.676,0.097,0
4,13,16,6,6.4,16,16,0,25.909,0.907,0.618,1.468,7,8,8,1,1,1,1,0,0,24.263,0.659,1.375,6,1.938,0.111,0
4,14,18,6,6.2,18,15,3,24.882,1.006,0.603,1.669,8,8,8,1,1,1,1,0,0,23.827,0.63,1.599,8,1.344,0.108,0
4,15,18,6,6,18,18,0,28.845,1.019,0.624,1.633,12,8,8,1,1,1,1,0,0,28.218,0.638,1.597,11,2.102,0.117,0
4,16,12,4,5.8,12,11,1,21.093,0.798,0.521,1.53,6,8,8,1,1,1,1,0,0,20.481,0.537,1.486,6,1.522,0.103,0
4,17,21,7,5.6,21,19,2,42.714,1.176,0.445,2.644,9,8,8,1,1,1,1,0,0,42.545,0.447,2.634,9,1.62,0.108,0
4,18,14,5,5.4,14,10,4,23.752,0.934,0.421,2.218,6,8,8,1,1,1,1,0,0,21.941,0.456,2.049,5,1.739,0.104,0
4,19,15,5,5.2,15,14,1,24.037,1.008,0.582,1.73,9,8,8,1,1,1,1,0,0,22.358,0.626,1.609,8,1.961,0.104,0
4,20,16,6,5,16,13,3,35.665,1.079,0.364,2.961,7,8,8,1,1,1,1,0,0,35.587,0.365,2.955,6,1.171,0.108,0
4,21,27,7,5,27,26,1,43.598,1.154,0.596,1.936,9,8,8,1,1,1,1,0,0,41.674,0.624,1.85,7,1.888,0.118,0
4,22,29,7,5,29,27,2,46.661,1.008,0.579,1.743,12,8,8,1,1,1,1,0,0,42.021,0.643,1.57,10,2.112,0.107,0
4,23,20,7,5,20,16,4,23.964,1.226,0.668,1.836,11,8,8,1,1,1,1,0,0,22.41,0.714,1.717,11,2.232,0.118,0
4,24,33,7,5,33,26,7,36.467,1.106,0.713,1.552,15,8,8,1,0.992,1,0.992,0,0,35.839,0.725,1.525,12,1.924,0.116,0
4,25,28,7,5,28,19,9,31.557,1.146,0.602,1.903,14,8,8,0.992,0.971,0.992,0.971,0,0,29.882,0.636,1.802,10,1.787,0.129,0
4,26,29,7,5,29,20,9,31.937,0.983,0.626,1.569,11,8,8,0.971,0.961,0.971,0.961,0,0,28.058,0.713,1.378,11,1.727,0.12,0
4,27,33,7,5,33,20,13,53.399,1.071,0.375,2.86,10,8,8,0.961,0.581,0.961,0.581,0,0,48.622,0.411,2.604,10,1.621,0.097,0
4,28,37,7,5,37,24,14,54.258,1.001,0.442,2.263,14,8,8,0.581,0.359,0.581,0.359,0,1,48.989,0.49,2.044,12,1.908,0.116,1
4,29,20,7,5,20,6,14,21.528,1.248,0.279,4.478,12,8,8,0.359,0.579,0.359,0.579,0,0,19.983,0.3,4.157,11,1.252,0.122,0.75
4,30,44,7,5,44,37,7,53.635,1.005,0.69,1.457,13,8,8,0.579,0.436,0.579,0.436,0,1,46.148,0.802,1.253,11,1.176,0.11,1.75
4,31,41,7,5,41,11,30,40.719,1.08,0.27,3.997,16,8,8,0.436,0.207,0.436,0.207,0,1,35.327,0.311,3.468,11,1.206,0.116,2.75
4,32,44,7,5,44,27,17,43.916,1.002,0.615,1.629,12,8,8,0.207,0.345,0.207,0.345,0,1,36.395,0.742,1.35,12,1.166,0.119,3.75
4,33,58,7,5,58,49,9,58.219,1,0.842,1.188,13,8,8,0.345,0.438,0.345,0.438,0,1,50.773,0.965,1.036,8,1.531,0.112,4.75
5,1,5,2,8.8,5,1,4,51.42,0.269,0.019,13.829,4,10,1,1,1,1,1,0,0,1.715,0.583,0.461,2,16.749,0.071,0
5,2,5,2,8.6,5,4,1,35.154,0.275,0.114,2.413,4,10,3,1,0.954,1,0.954,0,0,20.092,0.199,1.379,3,4.992,0.078,0
5,3,5,2,8.4,5,3,2,34.811,0.281,0.086,3.263,4,10,5,0.954,0.989,0.954,0.989,0,0,23.939,0.125,2.244,3,4.565,0.081,0
5,4,6,2,8.2,6,5,1,20.928,0.339,0.239,1.417,4,10,8,0.989,1,0.989,1,0,0,18.684,0.268,1.265,3,1.163,0.078,0
5,5,11,4,8,11,7,4,38.169,0.551,0.183,3.005,7,21,2,1,1,1,1,0,0,27.455,0.255,2.161,5,2.987,0.089,0
5,6,13,5,7.8,13,11,2,23.723,0.664,0.464,1.432,6,21,3,1,1,1,1,0,0,23.043,0.477,1.391,6,0.949,0.098,0
5,7,8,3,7.6,8,5,3,40.138,0.452,0.125,3.629,4,45,4,1,1,1,1,0,0,22.76,0.22,2.058,3,1.378,0.078,0
5,8,10,4,7.4,10,5,5,33.175,0.573,0.151,3.804,8,45,6,1,1,1,1,0,0,25.648,0.195,2.941,6,2.213,0.099,0
5,9,10,4,7.2,10,5,5,50.545,0.589,0.099,5.955,8,88,8,1,1,1,1,0,0,31.301,0.16,3.688,6,2.079,0.1,0
5,10,11,4,7,11,8,3,36.207,0.667,0.221,3.018,10,88,9,1,1,1,1,0,0,32.109,0.249,2.676,7,0.909,0.103,0
5,11,13,5,6.8,13,2,11,61.554,0.727,0.032,22.369,13,126,10,1,1,1,1,0,0,29.495,0.068,10.719,11,7.401,0.105,0
5,12,21,7,6.6,21,3,18,189.827,1.024,0.016,64.775,17,142,2,1,0.746,1,0.746,0,0,35.32,0.085,12.052,10,1.643,0.091,0
5,13,16,6,6.4,16,0,16,60.498,0.875,0,-1,16,142,5,0.746,0.693,0.746,0.693,0,0,28.422,0,-1,15,3.595,0.117,0
5,14,17,6,6.2,17,6,11,186.276,0.977,0.032,30.326,16,161,10,0.693,0.892,0.693,0.892,0,0,53.727,0.112,8.747,8,7.631,0.102,0
5,15,10,4,6,10,2,8,56.771,0.66,0.035,18.723,8,245,12,0.892,1,0.892,1,0,0,36.065,0.055,11.894,6,1.313,0.119,0
5,16,22,7,5.8,22,0,22,187.299,0.89,0,-1,22,185,15,1,0.64,1,0.64,0,0,40.9,0,-1,11,4.574,0.099,0
5,17,23,7,5.6,23,2,21,190.348,0.945,0.011,89.902,22,204,20,0.64,0.728,0.64,0.728,0,0,49.242,0.041,23.257,8,18.161,0.129,0
5,18,24,7,5.4,24,7,17,186.642,0.985,0.038,26.251,19,229,45,0.728,0.945,0.728,0.945,0,0,55.011,0.127,7.737,13,12.042,0.118,0
5,19,26,7,5.2,26,8,18,189.592,1.109,0.042,26.29,19,229,49,0.945,1,0.945,1,0,0,40.225,0.199,5.578,15,2.004,0.106,0
5,20,28,7,5,28,16,12,188.733,1.142,0.085,13.472,23,229,52,1,1,1,1,0,0,54.367,0.294,3.881,17,4.971,0.119,0
5,21,30,7,5,30,13,17,189.061,1.083,0.069,15.749,30,250,55,1,1,1,1,0,0,55.798,0.233,4.648,16,18.072,0.131,0
5,22,32,7,5,32,18,14,194.564,1.051,0.093,11.358,26,250,60,1,1,1,1,0,0,72.788,0.247,4.249,14,4.15,0.136,0
5,23,45,7,5,45,21,24,187.722,1.131,0.112,10.106,36,250,74,1,1,1,1,0,0,94.734,0.222,5.1,22,10.65,0.145,0
5,24,39,7,5,39,13,26,188.57,1.121,0.069,16.262,33,277,76,1,1,1,1,0,0,81.186,0.16,7.001,19,4.164,0.113,0
5,25,43,7,5,43,22,21,190.144,1.146,0.116,9.904,39,287,82,1,1,1,1,0,0,79.931,0.275,4.163,32,3.387,0.152,0
5,26,52,7,5,52,23,29,193.623,1.116,0.119,9.397,41,353,84,1,1,1,1,0,0,82.912,0.277,4.024,19,13.391,0.144,0
5,27,56,7,5,56,33,23,109.577,1.199,0.301,3.982,40,449,63,1,1,1,1,0,0,94.52,0.349,3.435,28,11.668,0.214,0
5,28,61,7,5,61,39,22,130.275,1.22,0.299,4.075,40,500,64,1,1,1,1,0,0,100.34,0.389,3.139,23,8.235,0.233,0
5,29,64,7,5,64,30,34,193.521,1.197,0.155,7.723,57,500,88,1,1,1,1,0,0,95.874,0.313,3.826,44,15.991,0.244,0
5,30,80,7,5,80,17,63,194.881,1.223,0.087,14.015,69,500,112,1,1,1,1,0,0,114.717,0.148,8.25,53,11.031,0.372,0
5,31,66,7,5,66,40,26,194.196,1.151,0.206,5.587,55,500,113,1,1,1,1,0,0,119.577,0.335,3.44,38,3.531,0.249,0
5,32,107,7,5,107,18,89,195.032,1.252,0.092,13.563,95,500,113,1,1,1,1,0,0,149.524,0.12,10.398,71,19.571,0.459,0
5,33,68,7,5,68,24,44,194.866,1.24,0.123,10.069,57,500,113,1,1,1,1,0,0,126.286,0.19,6.525,38,14.492,0.282,0
5,34,80,7,5,80,18,62,194.907,1.247,0.092,13.507,75,500,113,1,1,1,1,0,0,121.412,0.148,8.414,45,19.91,0.409,0
5,35,68,7,5,68,25,43,193.638,1.23,0.129,9.526,57,500,113,1,1,1,1,0,0,133.697,0.187,6.577,45,9.583,0.326,0
5,36,73,7,5,73,25,48,194.977,1.216,0.128,9.48,67,500,113,1,1,1,1,0,0,101.435,0.246,4.932,49,22.327,0.334,0
5,37,73,7,5,73,31,42,194.877,1.213,0.159,7.624,62,500,113,1,1,1,1,0,0,141.246,0.219,5.525,42,13.998,0.327,0
5,38,73,7,5,73,35,38,194.483,1.193,0.18,6.631,59,500,113,1,1,1,1,0,0,139.448,0.251,4.755,33,13.639,0.308,0
5,39,73,7,5,73,40,33,194.725,1.195,0.205,5.815,57,500,113,1,1,1,1,0,0,126.352,0.317,3.773,43,8.807,0.284,0
5,40,73,7,5,73,44,29,194.893,1.213,0.226,5.372,56,500,113,1,1,1,1,0,0,119.572,0.368,3.296,40,13.589,0.279,0
5,41,73,7,5,73,30,43,194.897,1.217,0.154,7.908,59,500,113,1,1,1,1,0,0,111.739,0.268,4.534,33,16.683,0.313,0
5,42,73,7,5,73,18,55,194.864,1.208,0.092,13.08,60,500,113,1,1,1,1,0,0,125.245,0.144,8.407,45,14.135,0.346,0
5,43,73,7,5,73,24,49,194.984,1.215,0.123,9.873,64,500,113,1,1,1,1,0,0,138.879,0.173,7.032,35,15.019,0.346,0
5,44,117,7,5,117,13,104,194.697,1.304,0.067,19.531,103,500,113,1,1,1,1,0,0,123.728,0.105,12.412,80,21.09,0.504,0
5,45,90,7,5,90,19,71,195.074,1.284,0.097,13.184,77,500,113,1,1,1,1,0,0,123.056,0.154,8.316,43,12.479,0.414,0
5,46,78,7,5,78,10,68,195.039,1.21,0.051,23.609,65,500,113,1,1,1,1,0,0,125.5,0.08,15.191,51,12.012,0.372,0
5,47,78,7,5,78,6,72,195.051,1.204,0.031,39.156,70,500,113,1,1,1,1,0,0,134.044,0.045,26.909,54,15.147,0.411,0
5,48,91,7,5,91,34,57,195.056,1.285,0.174,7.371,71,500,113,1,1,1,1,0,0,114.328,0.297,4.32,50,15.249,0.38,0
5,49,83,7,5,83,53,30,194.683,1.292,0.272,4.747,59,500,113,1,1,1,1,0,0,126.495,0.419,3.084,35,9.379,0.299,0
5,50,94,7,5,94,26,68,194.868,1.247,0.133,9.344,79,500,113,1,1,1,1,0,0,125.593,0.207,6.022,66,13.722,0.427,0
5,51,92,7,5,92,24,68,194.911,1.227,0.123,9.962,79,500,113,1,1,1,1,0,0,113.504,0.211,5.801,55,19.195,0.428,0
5,52,98,7,5,98,19,79,194.925,1.295,0.097,13.281,85,500,113,1,1,1,1,0,0,111.498,0.17,7.597,60,21.178,0.485,0
5,53,102,7,5,102,72,30,194.879,1.264,0.369,3.421,99,500,113,1,1,1,1,0,0,118.364,0.608,2.078,56,19.42,0.405,0
5,54,103,7,5,103,60,43,194.92,1.292,0.308,4.199,99,581,137,1,1,1,1,0,0,88.398,0.679,1.904,75,18.162,0.522,0
5,55,107,7,5,107,5,102,194.919,1.235,0.026,48.157,106,581,147,1,1,1,1,0,0,97.428,0.051,24.071,84,21.477,0.611,0
5,56,125,7,5,125,9,116,195.471,1.282,0.046,27.85,124,581,147,1,1,1,1,0,0,71.647,0.126,10.208,94,31.728,0.668,0
5,57,184,7,5,184,8,176,195.055,1.258,0.041,30.682,169,581,147,1,1,1,1,0,0,59.147,0.135,9.304,126,28.338,0.683,0
5,58,116,7,5,116,10,106,194.851,1.272,0.051,24.787,113,581,147,1,1,1,1,0,0,86.062,0.116,10.948,84,26.237,0.617,0
5,59,116,7,5,116,12,104,194.913,1.29,0.062,20.953,112,581,147,1,1,1,1,0,0,78.91,0.152,8.483,82,19.857,0.61,0
5,60,116,7,5,116,4,112,194.99,1.273,0.021,62.075,115,581,147,1,1,1,1,0,0,77.391,0.052,24.637,48,35.753,0.618,0
5,61,116,7,5,116,48,69,195.019,1.288,0.246,5.231,53,581,147,1,1,1,1,0,0,137.904,0.348,3.699,46,7.572,0.377,0
5,62,116,7,5,116,11,105,195.122,1.266,0.056,22.448,108,581,147,1,1,1,1,0,0,87.575,0.126,10.075,81,24.48,0.588,0
5,63,116,7,5,116,11,105,195.017,1.275,0.056,22.602,111,581,147,1,1,1,1,0,0,98.899,0.111,11.462,86,32.937,0.583,0
5,64,116,7,5,116,11,105,194.914,1.293,0.056,22.917,110,581,147,1,1,1,1,0,0,107.62,0.102,12.653,85,27.576,0.578,0
5,65,122,7,5,122,10,112,195.514,1.265,0.051,24.736,118,581,147,1,1,1,1,0,0,87.969,0.114,11.13,47,30.738,0.652,0
5,66,128,7,5,128,5,123,195.367,1.245,0.026,48.66,127,581,147,1,1,1,1,0,0,49.892,0.1,12.426,93,40.965,0.681,0
5,67,128,7,5,128,6,122,194.959,1.261,0.031,40.96,118,581,147,1,1,1,1,0,0,112.532,0.053,23.642,74,22.486,0.618,0
5,68,116,7,5,116,5,111,195.094,1.279,0.026,49.907,111,581,147,1,1,1,1,0,0,104.833,0.048,26.817,63,34.272,0.61,0
6,1,5,2,8.8,5,3,2,35.797,0.269,0.084,3.215,3,8,1,1,1,1,1,0,0,12.785,0.235,1.148,2,3.327,0.072,0
6,2,5,2,8.6,5,5,0,23.288,0.274,0.215,1.278,3,8,6,1,1,1,1,0,0,13.216,0.378,0.725,3,2.395,0.073,0
6,3,5,2,8.4,5,4,1,30.936,0.281,0.129,2.169,3,8,8,1,1,1,1,0,0,22.307,0.179,1.564,2,2.857,0.078,0
6,4,6,2,8.2,6,6,0,15.484,0.339,0.387,0.875,2,8,8,1,1,1,1,0,0,8.637,0.695,0.488,2,1.809,0.074,0
6,5,7,3,8,7,6,1,28.184,0.396,0.213,1.858,4,8,8,1,1,1,1,0,0,25.045,0.24,1.651,3,1.626,0.089,0
6,6,8,3,7.8,8,8,0,35.128,0.451,0.228,1.979,5,8,8,1,1,1,1,0,0,32.299,0.248,1.82,5,1.28,0.094,0
6,7,8,3,7.6,8,6,2,32.999,0.465,0.182,2.558,5,8,8,1,1,1,1,0,0,30.703,0.195,2.38,5,1.099,0.092,0
6,8,9,3,7.4,9,9,0,24.315,0.523,0.37,1.414,6,8,8,1,1,1,1,0,0,22.361,0.402,1.3,6,0.843,0.097,0
6,9,9,3,7.2,9,1,8,21.007,0.538,0.048,11.292,4,8,8,1,1,1,1,0,0,14.014,0.071,7.533,3,1.901,0.088,0
6,10,9,3,7,9,9,0,23.765,0.549,0.379,1.45,5,8,8,1,1,1,1,0,0,21.568,0.417,1.316,5,1.545,0.099,0
6,11,10,4,6.8,10,8,2,31.576,0.611,0.253,2.411,5,8,8,1,1,1,1,0,0,29.989,0.267,2.29,5,1.266,0.104,0
6,12,10,4,6.6,10,10,0,21.26,0.627,0.47,1.333,4,8,8,1,1,1,1,0,0,19.119,0.523,1.198,4,1.875,0.101,0
6,13,10,4,6.4,10,8,2,23.223,0.64,0.344,1.858,6,8,8,1,1,1,1,0,0,21.891,0.365,1.751,4,1.71,0.098,0
6,14,11,4,6.2,11,9,2,20.431,0.71,0.441,1.613,5,8,8,1,1,1,1,0,0,15.854,0.568,1.252,5,1.614,0.095,0
6,15,11,4,6,11,11,0,20.712,0.725,0.531,1.364,7,8,8,1,1,1,1,0,0,19.241,0.572,1.267,5,2.317,0.107,0
6,16,13,5,5.8,13,11,2,24.334,0.839,0.452,1.857,9,8,8,1,1,1,1,0,0,21.86,0.503,1.668,8,1.657,0.118,0
6,17,14,5,5.6,14,12,2,28.007,0.913,0.428,2.13,7,8,8,1,1,1,1,0,0,27.063,0.443,2.058,7,1.774,0.111,0
6,18,15,5,5.4,15,14,1,18.398,0.974,0.761,1.279,10,8,8,1,1,1,1,0,0,15.955,0.877,1.109,9,2.159,0.118,0
6,19,16,6,5.2,16,3,13,32.062,1.05,0.094,11.218,9,8,8,1,1,1,1,0,0,29.445,0.102,10.303,7,1.76,0.107,0
6,20,18,6,5,18,14,4,28.91,1.145,0.484,2.365,11,8,8,1,0.977,1,0.977,0,0,27.593,0.507,2.258,10,2.158,0.122,0
6,21,30,7,5,30,17,14,35.731,1.03,0.476,2.165,13,8,8,0.977,0.856,0.977,0.856,0,0,33.077,0.514,2.004,11,1.903,0.12,0
6,22,22,7,5,22,14,8,24.644,1.008,0.568,1.775,14,8,8,0.856,0.801,0.856,0.801,0,0,20.779,0.674,1.497,13,2.239,0.124,0
6,23,24,7,5,24,12,12,36.472,1.069,0.329,3.248,12,8,8,0.801,0.385,0.801,0.385,0,0,31.269,0.384,2.784,11,2.153,0.112,0
6,24,27,7,5,27,17,10,31.079,1.166,0.547,2.132,14,8,8,0.385,0.352,0.385,0.352,0,1,29.547,0.575,2.027,11,0.605,0.119,1
6,25,35,7,5,35,28,7,28.018,1.108,0.999,1.109,8,8,8,0.352,0.42,0.352,0.42,0,1,27.79,1.008,1.1,7,0.58,0.125,2
6,26,20,7,5,20,13,7,24.871,1.18,0.523,2.258,11,8,8,0.42,0.591,0.42,0.591,0,0,22.884,0.568,2.078,11,0.679,0.118,1.75
6,27,42,7,5,42,23,19,42.81,1.086,0.537,2.021,13,8,8,0.591,0.319,0.591,0.319,0,1,39.453,0.583,1.862,12,1.031,0.132,2.75
6,28,46,7,5,46,33,13,48.858,1.03,0.675,1.525,14,8,8,0.319,0.387,0.319,0.387,0,1,43.297,0.762,1.352,11,1.872,0.125,3.75
7,1,5,2,8.8,5,2,3,42.131,0.269,0.047,5.676,3,10,1,1,1,1,1,0,0,23.097,0.087,3.112,3,4.951,0.075,0
7,2,5,2,8.6,5,2,3,63.872,0.275,0.031,8.784,4,10,3,1,1,1,1,0,0,21.413,0.093,2.945,4,5.93,0.074,0
7,3,5,2,8.4,5,5,0,38.128,0.281,0.131,2.14,3,10,5,1,1,1,1,0,0,35.325,0.142,1.982,3,2.48,0.077,0
7,4,6,2,8.2,6,6,0,34.664,0.34,0.173,1.967,4,99,7,1,1,1,1,0,0,33.61,0.179,1.907,4,1.147,0.091,0
7,5,7,3,8,7,6,1,16.136,0.38,0.372,1.021,3,109,5,1,1,1,1,0,0,15.572,0.385,0.986,3,0.548,0.097,0
7,6,8,3,7.8,8,7,1,17.543,0.447,0.399,1.12,3,48,6,1,1,1,1,0,0,16.351,0.428,1.044,3,0.587,0.088,0
7,7,9,3,7.6,9,8,1,25.265,0.505,0.317,1.593,3,48,8,1,1,1,1,0,0,23.892,0.335,1.507,3,0.697,0.094,0
7,8,10,4,7.4,10,9,1,33.97,0.571,0.265,2.154,4,48,9,1,1,1,1,0,0,30.703,0.293,1.947,4,0.911,0.094,0
7,9,6,2,7.2,6,6,0,10.668,0.386,0.562,0.687,2,67,4,1,1,1,1,0,0,10.006,0.6,0.644,2,0.245,0.087,0
7,10,10,4,7,10,9,1,13.282,0.595,0.678,0.879,4,67,5,1,1,1,1,0,0,13.102,0.687,0.867,4,0.264,0.096,0
7,11,11,4,6.8,11,9,2,16.176,0.653,0.556,1.174,4,83,5,1,1,1,1,0,0,15.568,0.578,1.13,4,0.45,0.1,0
7,12,12,4,6.6,12,11,1,18.128,0.719,0.607,1.185,4,83,6,1,1,1,1,0,0,17.665,0.623,1.155,4,0.376,0.105,0
7,13,7,3,6.4,7,6,1,16.169,0.484,0.371,1.304,3,83,7,1,1,1,1,0,0,15.8,0.38,1.275,3,0.386,0.1,0
7,14,13,5,6.2,13,10,4,16.68,0.807,0.6,1.345,5,83,8,1,1,1,1,0,0,16.123,0.62,1.301,5,0.31,0.105,0
7,15,13,5,6,13,11,2,15.773,0.825,0.697,1.183,5,83,9,1,1,1,1,0,0,15.43,0.713,1.157,5,0.359,0.105,0
7,16,14,5,5.8,14,10,4,47.392,0.868,0.211,4.112,5,165,11,1,1,1,1,0,0,28.978,0.345,2.514,5,0.468,0.102,0
7,17,15,5,5.6,15,13,2,41.93,0.917,0.31,2.957,5,104,14,1,1,1,1,0,0,34.056,0.382,2.402,5,0.446,0.106,0
7,18,16,6,5.4,16,11,5,54.442,0.976,0.202,4.83,6,120,19,1,1,1,1,0,0,28.74,0.383,2.55,6,0.413,0.119,0
7,19,18,6,5.2,18,14,4,41.336,1.134,0.339,3.347,6,120,20,1,1,1,1,0,0,25.009,0.56,2.025,6,0.407,0.117,0
7,20,23,7,5,23,18,5,51.034,1.036,0.353,2.937,9,120,21,1,1,1,1,0,0,47.907,0.376,2.758,7,0.557,0.131,0
7,21,21,7,5,21,19,2,25.26,1.208,0.752,1.606,7,156,10,1,1,1,1,0,0,23.482,0.809,1.493,7,0.352,0.142,0
7,22,23,7,5,23,17,6,57.501,1.011,0.296,3.421,8,178,11,1,1,1,1,0,0,39.7,0.428,2.362,7,2.751,0.138,0
7,23,25,7,5,25,13,12,192.143,1.07,0.068,15.815,11,201,13,1,1,1,1,0,0,45.921,0.283,3.78,8,1.413,0.117,0
7,24,29,7,5,29,13,16,188.639,1.018,0.069,14.772,14,201,15,1,1,1,1,0,0,45.808,0.284,3.587,12,0.834,0.116,0
7,25,34,7,5,34,12,22,193.379,1.171,0.062,18.871,23,222,17,1,1,1,1,0,0,51.474,0.233,5.023,15,1.213,0.097,0
7,26,39,7,5,39,11,28,194.952,1.125,0.056,19.938,33,300,19,1,1,1,1,0,0,59.086,0.186,6.043,23,4.808,0.156,0
7,27,46,7,5,46,22,24,132.79,1.153,0.166,6.96,34,394,39,1,1,1,1,0,0,80.222,0.274,4.205,23,3.659,0.182,0
7,28,53,7,5,53,20,33,194.947,1.196,0.103,11.653,48,415,65,1,0.641,1,0.641,0,0,95.059,0.21,5.682,19,15.899,0.247,0
7,29,86,7,5,86,35,51,194.748,1.239,0.18,6.896,71,501,68,0.641,0.903,0.641,0.903,0,0,108.535,0.322,3.843,38,17.266,0.35,0
7,30,56,7,5,56,21,35,194.881,1.245,0.108,11.557,46,501,120,0.903,1,0.903,1,0,0,120.98,0.174,7.175,39,6.044,0.286,0
7,31,57,7,5,57,35,22,192.306,1.06,0.182,5.822,38,501,144,1,1,1,1,0,0,129.613,0.27,3.924,33,2.246,0.268,0
7,32,58,7,5,58,32,26,194.977,1.156,0.164,7.045,47,501,168,1,1,1,1,0,0,125.124,0.256,4.521,22,12.851,0.285,0
7,33,59,7,5,59,36,23,194.89,1.173,0.185,6.353,47,501,172,1,1,1,1,0,0,161.696,0.223,5.271,37,11.56,0.337,0
7,34,59,7,5,59,36,23,194.804,1.199,0.185,6.487,52,501,172,1,1,1,1,0,0,134.048,0.269,4.464,27,15.356,0.337,0
7,35,32,7,5,32,30,2,131.38,1.072,0.228,4.695,18,501,172,1,1,1,1,0,0,68.477,0.438,2.447,7,0.663,0.255,0
7,36,59,7,5,59,38,21,192.168,1.135,0.198,5.74,44,501,172,1,1,1,1,0,0,130.594,0.291,3.901,36,6.85,0.297,0
7,37,59,7,5,59,30,29,192.52,1.128,0.156,7.241,46,501,172,1,1,1,1,0,0,135.912,0.221,5.112,26,7.375,0.293,0
7,38,59,7,5,59,37,22,195.008,1.089,0.19,5.74,50,501,172,1,1,1,1,0,0,125.478,0.295,3.694,26,18.348,0.289,0
7,39,59,7,5,59,39,20,194.726,1.155,0.2,5.767,46,501,172,1,1,1,1,0,0,139.905,0.279,4.144,28,8.593,0.304,0
7,40,59,7,5,59,42,17,194.138,1.093,0.216,5.05,36,501,172,1,1,1,1,0,0,121.436,0.346,3.159,24,5.568,0.248,0
7,41,59,7,5,59,41,18,189.408,1.087,0.216,5.019,40,501,172,1,1,1,1,0,0,125.83,0.326,3.334,28,8.52,0.265,0
7,42,59,7,5,59,40,19,192.961,1.126,0.207,5.432,48,501,172,1,1,1,1,0,0,144.741,0.276,4.075,20,14.151,0.301,0
7,43,94,7,5,94,29,65,194.997,1.253,0.149,8.423,76,501,172,1,1,1,1,0,0,140.807,0.206,6.082,52,10.937,0.445,0
7,44,59,7,5,59,44,15,194.935,1.155,0.226,5.118,38,501,172,1,1,1,1,0,0,114.063,0.386,2.995,23,11.589,0.275,0
7,45,59,7,5,59,38,21,193.077,1.169,0.197,5.941,48,501,172,1,1,1,1,0,0,134.712,0.282,4.145,19,12.157,0.308,0
7,46,59,7,5,59,36,23,191.017,1.12,0.188,5.942,42,501,172,1,1,1,1,0,0,128.181,0.281,3.987,20,14.286,0.27,0
7,47,59,7,5,59,33,26,190.728,1.131,0.173,6.536,44,501,172,1,1,1,1,0,0,137.038,0.241,4.696,32,7.172,0.286,0
7,48,60,7,5,60,50,10,189.121,1.149,0.264,4.347,44,501,172,1,1,1,1,0,0,112.294,0.445,2.581,27,10.377,0.289,0
7,49,63,7,5,63,54,9,191.869,1.263,0.281,4.488,46,501,172,1,1,1,1,0,0,120.864,0.447,2.827,26,15.792,0.276,0
7,50,70,7,5,70,56,14,188.642,1.268,0.297,4.273,41,501,172,1,1,1,1,0,0,124.685,0.449,2.824,31,6.594,0.332,0
7,51,70,7,5,70,57,13,190.699,1.228,0.299,4.109,52,501,172,1,1,1,1,0,0,114.871,0.496,2.475,40,10.784,0.319,0
7,52,74,7,5,74,65,9,183.079,1.191,0.355,3.354,43,582,173,1,1,1,1,0,0,112.09,0.58,2.053,27,2.94,0.293,0
7,53,79,7,5,79,71,8,191.939,1.205,0.37,3.257,47,582,190,1,1,1,1,0,0,122.602,0.579,2.081,38,5.651,0.33,0
7,54,80,7,5,80,50,30,194.941,1.242,0.256,4.844,61,582,206,1,1,1,1,0,0,109.013,0.459,2.709,50,9.216,0.41,0
7,55,81,7,5,81,69,13,194.021,1.24,0.356,3.488,52,582,206,1,1,1,1,0,0,135.353,0.51,2.433,41,11.593,0.355,0
7,56,81,7,5,81,74,7,195.009,1.224,0.379,3.226,51,582,206,1,1,1,1,0,0,137.315,0.539,2.272,36,5.936,0.355,0
7,57,131,7,5,131,56,75,194.952,1.275,0.287,4.437,92,582,206,1,1,1,1,0,0,115.653,0.484,2.632,60,19.797,0.472,0
7,58,83,7,5,83,60,23,194.964,1.223,0.308,3.975,59,582,206,1,1,1,1,0,0,128.013,0.469,2.61,39,12.06,0.37,0
7,59,83,7,5,83,65,18,194.829,1.292,0.334,3.872,55,582,206,1,1,1,1,0,0,121.785,0.534,2.42,36,10.546,0.365,0
7,60,87,7,5,87,68,19,194.587,1.248,0.349,3.57,55,582,206,1,1,1,1,0,0,140.268,0.485,2.573,26,10.485,0.354,0
7,61,83,7,5,83,76,7,190.628,1.28,0.399,3.21,53,582,206,1,1,1,1,0,0,137.679,0.552,2.319,36,9.867,0.344,0
7,62,133,7,5,133,26,107,194.923,1.291,0.133,9.675,115,582,206,1,1,1,1,0,0,103.597,0.251,5.142,60,26.713,0.526,0
7,63,83,7,5,83,55,28,194.708,1.239,0.282,4.385,55,582,206,1,1,1,1,0,0,133.747,0.411,3.012,41,8.394,0.361,0
7,64,90,7,5,90,59,31,194.687,1.295,0.303,4.272,65,582,206,1,1,1,1,0,0,117.16,0.504,2.571,48,14.898,0.422,0
7,65,90,7,5,90,48,42,194.88,1.292,0.246,5.244,65,582,206,1,1,1,1,0,0,105.328,0.456,2.834,45,15.168,0.414,0
7,66,50,7,5,50,27,23,195.034,1.069,0.138,7.724,46,582,206,1,1,1,1,0,0,109.734,0.246,4.346,19,32.994,0.31,0
7,67,90,7,5,90,23,67,194.973,1.25,0.118,10.598,82,582,206,1,1,1,1,0,0,106.649,0.216,5.797,43,21.673,0.477,0
7,68,90,7,5,90,42,48,194.842,1.274,0.216,5.912,67,582,206,1,1,1,1,0,0,102.181,0.411,3.101,45,15.668,0.442,0
8,1,5,2,8.8,5,2,3,182.04,0.269,0.011,24.46,3,8,1,1,1,1,1,0,0,14.94,0.134,2.007,2,5.386,0.075,0
8,2,5,2,8.6,5,5,0,11.3,0.275,0.442,0.622,2,8,8,1,1,1,1,0,0,9.726,0.514,0.536,2,0.559,0.106,0
8,3,5,2,8.4,5,4,1,22.046,0.28,0.181,1.544,2,8,8,1,1,1,1,0,0,17.278,0.232,1.21,2,1.533,0.107,0
8,4,6,2,8.2,6,6,0,34.326,0.338,0.175,1.933,4,8,8,1,1,1,1,0,0,33.729,0.178,1.9,3,1.778,0.11,0
8,5,7,3,8,7,5,2,22.291,0.39,0.224,1.738,3,8,8,1,1,1,1,0,0,21.116,0.237,1.647,3,0.743,0.123,0
8,6,8,3,7.8,8,8,0,29.647,0.449,0.27,1.663,5,8,8,1,1,1,1,0,0,29.647,0.27,1.663,4,1.39,0.125,0
8,7,8,3,7.6,8,8,0,19.347,0.464,0.413,1.122,3,8,8,1,1,1,1,0,0,17.208,0.465,0.998,3,1.535,0.121,0
8,8,9,3,7.4,9,1,8,21.322,0.523,0.047,11.154,3,8,8,1,1,1,1,0,0,18.834,0.053,9.853,3,1.111,0.123,0
8,9,9,3,7.2,9,8,1,16.877,0.538,0.474,1.135,4,8,8,1,1,1,1,0,0,16.176,0.495,1.088,4,0.413,0.117,0
8,10,13,5,7,13,12,1,38.277,0.729,0.314,2.326,10,8,8,1,1,1,1,0,0,34.373,0.349,2.089,10,1.666,0.129,0
8,11,10,4,6.8,10,9,1,23.513,0.607,0.383,1.586,6,8,8,1,1,1,1,0,0,23.513,0.383,1.586,6,0.755,0.148,0
8,12,16,6,6.6,16,16,0,28.906,0.875,0.554,1.581,12,8,8,1,1,1,1,0,0,28.906,0.554,1.581,12,1.669,0.157,0
8,13,16,6,6.4,16,13,3,24.066,0.905,0.54,1.675,13,8,8,1,1,1,1,0,0,24.066,0.54,1.675,10,1.787,0.159,0
8,14,11,4,6.2,11,11,0,22.503,0.714,0.489,1.46,8,8,8,1,1,1,1,0,0,22.503,0.489,1.46,6,1.61,0.137,0
8,15,14,5,6,14,14,0,27.126,0.869,0.516,1.683,5,8,8,1,1,1,1,0,0,27.126,0.516,1.683,5,1.274,0.137,0
8,16,19,7,5.8,19,16,3,32.729,1.057,0.489,2.162,13,8,8,1,1,1,1,0,0,31.692,0.505,2.094,11,0.857,0.153,0
8,17,13,5,5.6,13,12,1,22.703,0.838,0.529,1.585,9,8,8,1,1,1,1,0,0,22.703,0.529,1.585,9,2.229,0.165,0
8,18,20,7,5.4,20,19,1,37.82,1.149,0.502,2.287,17,8,8,1,1,1,1,0,0,37.82,0.502,2.287,16,2.106,0.151,0
8,19,15,5,5.2,15,14,1,30.902,1.012,0.453,2.233,14,8,8,1,1,1,1,0,0,30.902,0.453,2.233,13,2.056,0.144,0
8,20,16,6,5,16,16,0,37.615,1.059,0.425,2.489,11,8,8,1,1,1,1,0,0,37.333,0.429,2.47,11,1.893,0.14,0
8,21,9,3,5,9,7,2,37.441,0.72,0.187,3.849,8,8,8,1,1,1,1,0,0,37.441,0.187,3.849,8,2.02,0.125,0
8,22,18,6,5,18,15,3,34.242,1.133,0.438,2.587,10,8,8,1,1,1,1,0,0,34.242,0.438,2.587,10,0.665,0.14,0
8,23,20,7,5,20,19,1,39.973,1.21,0.475,2.546,13,8,8,1,1,1,1,0,0,39.628,0.479,2.524,11,1.657,0.139,0
8,24,22,7,5,22,20,2,52.808,1.027,0.379,2.712,15,8,8,1,1,1,1,0,0,42.76,0.468,2.196,13,1.869,0.127,0
8,25,29,7,5,29,10,19,32.965,0.984,0.303,3.244,19,8,8,1,0.818,1,0.818,0,0,31.665,0.316,3.116,17,1.271,0.17,0
8,26,29,7,5,29,10,19,30.73,0.984,0.325,3.024,20,8,8,0.818,0.829,0.818,0.829,0,0,28.685,0.349,2.823,13,2.006,0.195,0
8,27,34,7,5,34,21,13,49.91,1.085,0.421,2.58,15,8,8,0.829,0.347,0.829,0.347,0,1,49.651,0.423,2.566,14,1.812,0.166,1
8,28,50,7,5,50,34,16,66.271,0.985,0.513,1.919,17,8,8,0.347,0.372,0.347,0.372,0,1,57.582,0.59,1.668,13,1.768,0.155,2
8,29,21,7,5,21,8,13,19.101,1.282,0.419,3.061,15,8,8,0.372,0.468,0.372,0.468,0,0,17.399,0.46,2.788,13,1.597,0.166,1.75
8,30,41,7,5,41,33,8,46.543,1.079,0.709,1.522,16,8,8,0.468,0.422,0.468,0.422,0,1,46.277,0.713,1.513,13,1.566,0.163,2.75
8,31,43,7,5,43,21,22,50.964,0.992,0.412,2.409,12,8,8,0.422,0.295,0.422,0.295,0,1,49.677,0.423,2.348,11,1.473,0.169,3.75
8,32,44,7,5,44,27,17,50.367,0.998,0.536,1.862,11,8,8,0.295,0.345,0.295,0.345,0,1,45.999,0.587,1.7,10,2.59,0.176,4.75
8,33,75,7,5,75,60,15,82.299,1.021,0.729,1.401,13,8,8,0.345,0.42,0.345,0.42,0,1,71.945,0.834,1.225,9,3.133,0.16,5.75
8,34,46,7,5,46,27,19,52.301,1.05,0.516,2.035,13,8,8,0.42,0.335,0.42,0.335,0,1,47.064,0.574,1.831,12,1.657,0.163,6.75
8,35,50,7,5,50,45,5,55.309,0.986,0.814,1.212,13,8,8,0.335,0.46,0.335,0.46,0,1,46.716,0.963,1.024,10,1.985,0.182,7.75
8,36,47,7,5,47,29,18,49.519,1.045,0.586,1.784,15,8,8,0.46,0.347,0.46,0.347,0,1,47.601,0.609,1.715,13,1.323,0.179,8.75
8,37,46,7,5,46,39,7,47.704,1.031,0.818,1.261,18,8,8,0.347,0.439,0.347,0.439,0,1,43.75,0.891,1.156,13,2.422,0.214,9.75
8,38,75,7,5,75,60,15,81.445,1.022,0.737,1.387,13,8,8,0.439,0.42,0.439,0.42,0,1,72.645,0.826,1.237,11,2.688,0.168,10.75
9,1,5,2,8.8,5,3,2,29.896,0.269,0.1,2.679,3,10,1,1,1,1,1,0,0,23.425,0.128,2.099,2,3.391,0.083,0
9,2,5,2,8.6,5,5,0,37.816,0.274,0.132,2.07,3,10,2,1,0.938,1,0.938,0,0,35.221,0.142,1.928,3,2.784,0.091,0
9,3,5,2,8.4,5,4,1,32.989,0.281,0.121,2.318,3,10,5,0.938,1,0.938,1,0,0,30.678,0.13,2.155,3,1.191,0.092,0
9,4,6,2,8.2,6,5,1,34.388,0.342,0.145,2.355,4,25,3,1,1,1,1,0,0,22.877,0.219,1.567,4,0.334,0.092,0
9,5,11,4,8,11,8,3,32.634,0.571,0.245,2.329,7,25,4,1,1,1,1,0,0,24.512,0.326,1.749,5,2.814,0.102,0
9,6,8,3,7.8,8,5,3,25.494,0.451,0.196,2.299,3,25,5,1,1,1,1,0,0,19.415,0.258,1.751,3,0.603,0.092,0
9,7,8,3,7.6,8,6,2,27.762,0.46,0.216,2.128,5,25,6,1,1,1,1,0,0,25.54,0.235,1.957,3,0.663,0.109,0
9,8,9,3,7.4,9,6,3,41.265,0.532,0.145,3.658,7,44,8,1,1,1,1,0,0,32.262,0.186,2.86,6,1.275,0.103,0
9,9,16,6,7.2,16,11,5,33.795,0.887,0.325,2.725,12,57,2,1,1,1,1,0,0,24.643,0.446,1.987,8,2.214,0.112,0
9,10,10,4,7,10,6,4,37.164,0.595,0.161,3.687,9,79,3,1,1,1,1,0,0,19.334,0.31,1.918,9,3.696,0.101,0
9,11,12,4,6.8,12,7,5,39.442,0.706,0.177,3.976,5,79,5,1,1,1,1,0,0,16.33,0.429,1.646,5,1.364,0.088,0
9,12,12,4,6.6,12,8,4,27.937,0.761,0.286,2.657,6,79,7,1,1,1,1,0,0,19.154,0.418,1.821,5,0.691,0.096,0
9,13,13,5,6.4,13,5,8,48.438,0.808,0.103,7.83,8,103,7,1,1,1,1,0,0,36.118,0.138,5.838,5,2.131,0.097,0
9,14,14,5,6.2,14,8,6,48.682,0.906,0.164,5.516,13,125,10,1,1,1,1,0,0,40.95,0.195,4.64,10,4.424,0.116,0
9,15,15,5,6,15,6,9,51.241,0.978,0.117,8.351,13,125,12,1,0.778,1,0.778,0,0,40.476,0.148,6.597,6,6.795,0.118,0
9,16,17,6,5.8,17,7,10,49.629,1.095,0.141,7.764,12,125,13,0.778,0.804,0.778,0.804,0,0,35.103,0.199,5.491,6,9.545,0.124,0
9,17,10,4,5.6,10,3,7,49.977,0.715,0.06,11.903,9,168,14,0.804,1,0.804,1,0,0,23.481,0.128,5.593,7,7.783,0.103,0
9,18,21,7,5.4,21,6,15,97.691,1.353,0.061,22.034,17,168,15,1,1,1,1,0,0,38.129,0.157,8.6,8,2.189,0.092,0
9,19,23,7,5.2,23,2,22,69.186,1.028,0.029,35.564,17,195,4,1,1,1,1,0,0,38.945,0.051,20.019,7,5.15,0.117,0
9,20,29,7,5,29,0,29,188.748,1.061,0,-1,27,195,8,1,0.584,1,0.584,0,0,57.9,0,-1,10,1.721,0.125,0
9,21,28,7,5,28,1,27,147.535,1.239,0.007,182.733,28,195,32,0.584,0.498,0.584,0.498,0,0,49.205,0.02,60.944,14,2.359,0.098,0
9,22,30,7,5,30,4,26,190.25,1.09,0.021,51.85,29,213,50,0.498,0.569,0.498,0.569,0,0,52.545,0.076,14.32,14,20.962,0.126,0
9,23,31,7,5,31,9,22,188.548,1.121,0.048,23.476,31,213,73,0.569,0.785,0.569,0.785,0,0,62.872,0.143,7.828,22,2.956,0.132,0
9,24,39,7,5,39,13,26,190.602,1.231,0.068,18.051,38,213,73,0.785,0.735,0.785,0.735,0,0,64.818,0.201,6.139,13,4.903,0.121,0
9,25,69,7,5,69,9,60,191.792,1.306,0.047,27.827,69,237,75,0.735,0.714,0.735,0.714,0,0,87.624,0.103,12.713,59,11.755,0.264,0
9,26,46,7,5,46,14,32,192.768,1.219,0.073,16.784,41,296,77,0.714,0.935,0.714,0.935,0,0,81.335,0.172,7.082,21,14.004,0.215,0
9,27,52,7,5,52,5,47,192.906,1.22,0.026,47.083,49,380,56,0.935,1,0.935,1,0,0,83.79,0.06,20.451,27,7.874,0.171,0
9,28,57,7,5,57,38,20,170.374,1.101,0.223,4.936,29,447,65,1,1,1,1,0,0,96.654,0.393,2.8,21,7.561,0.226,0
9,29,59,7,5,59,38,23,142.523,1.147,0.267,4.303,36,489,70,1,1,1,1,0,0,97.874,0.388,2.955,25,4.148,0.291,0
9,30,60,7,5,60,25,36,192.486,1.201,0.13,9.248,56,489,90,1,1,1,1,0,0,88.297,0.283,4.242,43,21.652,0.373,0
9,31,62,7,5,62,27,35,194.916,1.231,0.139,8.883,52,489,90,1,1,1,1,0,0,108.841,0.248,4.96,43,6.657,0.384,0
9,32,63,7,5,63,30,35,194.852,1.242,0.154,8.069,59,489,90,1,1,1,1,0,0,114.523,0.262,4.743,43,7.669,0.386,0
9,33,64,7,5,64,17,47,194.933,1.035,0.087,11.873,52,489,90,1,1,1,1,0,0,105.702,0.161,6.438,36,7.929,0.397,0
9,34,68,7,5,68,23,46,194.731,1.247,0.118,10.555,65,489,90,1,1,1,1,0,0,126.423,0.182,6.852,36,7.209,0.378,0
9,35,73,7,5,73,47,26,189.465,1.209,0.248,4.873,46,489,90,1,1,1,1,0,0,82.54,0.569,2.123,19,3.286,0.271,0
9,36,68,7,5,68,27,41,195.022,1.229,0.138,8.876,57,489,90,1,1,1,1,0,0,109.669,0.246,4.991,39,8.701,0.353,0
9,37,68,7,5,68,44,27,194.924,1.225,0.226,5.428,58,489,90,1,1,1,1,0,0,112.379,0.392,3.129,43,5.196,0.346,0
9,38,68,7,5,68,25,44,193.925,1.235,0.129,9.576,55,489,90,1,1,1,1,0,0,115.056,0.217,5.681,43,7.553,0.385,0
9,39,109,7,5,109,55,56,194.73,1.287,0.282,4.558,98,489,90,1,1,1,1,0,0,143.306,0.384,3.354,68,8.568,0.536,0
9,40,68,7,5,68,46,22,194.886,1.239,0.236,5.247,63,489,90,1,1,1,1,0,0,105.727,0.435,2.847,34,11.424,0.32,0
9,41,68,7,5,68,36,33,195.047,1.237,0.185,6.703,59,489,90,1,1,1,1,0,0,120.167,0.3,4.13,25,9.913,0.373,0
9,42,109,7,5,109,32,77,194.978,1.271,0.164,7.742,98,489,90,1,1,1,1,0,0,156.714,0.204,6.223,66,11.42,0.572,0
9,43,68,7,5,68,35,34,195.022,1.23,0.179,6.852,59,489,90,1,1,1,1,0,0,145.31,0.241,5.106,44,11.103,0.393,0
9,44,73,7,5,73,32,42,194.809,1.227,0.164,7.467,59,489,90,1,1,1,1,0,0,128.748,0.249,4.935,33,10.083,0.358,0
9,45,78,7,5,78,24,54,194.882,1.207,0.123,9.801,65,489,90,1,1,1,1,0,0,118.574,0.202,5.963,49,11.479,0.441,0
9,46,73,7,5,73,37,37,195.121,1.207,0.19,6.365,66,489,90,1,1,1,1,0,0,132.849,0.279,4.334,30,3.48,0.378,0
9,47,117,7,5,117,15,102,195.084,1.285,0.077,16.713,109,489,90,1,1,1,1,0,0,150.224,0.1,12.87,56,14.532,0.581,0
9,48,74,7,5,74,38,36,194.944,1.144,0.195,5.869,54,489,90,1,1,1,1,0,0,117.113,0.324,3.526,38,8.423,0.32,0
9,49,78,7,5,78,57,21,194.68,1.046,0.293,3.572,38,489,90,1,1,1,1,0,0,111.265,0.512,2.041,20,4.646,0.293,0
9,50,87,7,5,87,32,57,194.935,1.238,0.164,7.539,74,489,90,1,1,1,1,0,0,118.101,0.271,4.567,33,11.085,0.421,0
9,51,87,7,5,87,29,59,194.957,1.231,0.149,8.278,72,489,90,1,1,1,1,0,0,110.072,0.263,4.673,42,7.551,0.425,0
9,52,92,7,5,92,89,4,152.07,0.982,0.585,1.678,21,489,90,1,1,1,1,0,0,113.543,0.784,1.253,8,1.524,0.267,0
9,53,94,7,5,94,38,57,194.921,1.245,0.195,6.385,72,570,110,1,1,1,1,0,0,117.194,0.324,3.839,33,13.97,0.444,0
9,54,106,7,5,106,37,70,195.012,1.263,0.19,6.657,83,570,124,1,1,1,1,0,0,121.309,0.305,4.141,62,11.407,0.491,0
9,55,179,7,5,179,32,149,194.895,1.31,0.164,7.978,151,570,124,1,1,1,1,0,0,101.493,0.315,4.155,53,22.279,0.661,0
9,56,107,7,5,107,62,47,194.907,1.218,0.318,3.828,75,570,124,1,1,1,1,0,0,138.824,0.447,2.726,33,12.018,0.446,0
9,57,108,7,5,108,46,63,195.129,1.193,0.236,5.06,78,570,124,1,1,1,1,0,0,147.046,0.313,3.813,55,6.8,0.486,0
9,58,110,7,5,110,43,69,194.991,1.225,0.221,5.556,87,570,124,1,1,1,1,0,0,127.797,0.336,3.642,55,7.433,0.503,0
9,59,110,7,5,110,30,83,194.693,1.189,0.154,7.717,86,570,124,1,1,1,1,0,0,131.454,0.228,5.21,65,14.497,0.546,0
9,60,110,7,5,110,55,56,195.061,1.286,0.282,4.56,80,570,124,1,1,1,1,0,0,133.14,0.413,3.112,45,12.082,0.503,0
9,61,110,7,5,110,75,38,194.985,1.167,0.385,3.035,60,570,124,1,1,1,1,0,0,148.31,0.506,2.308,31,2.194,0.399,0
9,62,110,7,5,110,79,32,194.454,1.277,0.406,3.144,90,570,124,1,1,1,1,0,0,147.084,0.537,2.378,67,8.823,0.507,0
9,63,110,7,5,110,58,55,195.224,1.28,0.297,4.307,102,570,124,1,1,1,1,0,0,149.847,0.387,3.306,74,15.919,0.605,0
9,64,116,7,5,116,61,58,194.716,1.244,0.313,3.97,76,570,124,1,1,1,1,0,0,153.606,0.397,3.132,49,2.901,0.499,0
9,65,116,7,5,116,25,92,194.998,1.278,0.128,9.969,102,570,124,1,1,1,1,0,0,139.806,0.179,7.147,84,9.1,0.583,0
9,66,116,7,5,116,28,88,194.932,1.28,0.144,8.911,108,570,124,1,1,1,1,0,0,140.947,0.199,6.443,63,13.498,0.569,0
9,67,116,7,5,116,85,32,194.936,1.272,0.436,2.917,104,570,124,1,1,1,1,0,0,160.659,0.529,2.404,72,12.904,0.546,0
9,68,116,7,5,116,23,94,195.017,1.279,0.118,10.843,100,570,124,1,1,1,1,0,0,142.746,0.161,7.937,59,14.212,0.606,0
10,1,5,2,8.8,5,3,2,34.236,0.269,0.088,3.069,3,8,1,1,1,1,1,0,0,20.016,0.15,1.794,2,3.784,0.085,0
10,2,5,2,8.6,5,5,0,17.981,0.275,0.278,0.99,2,8,5,1,1,1,1,0,0,13.314,0.376,0.733,2,1.299,0.08,0
10,3,5,2,8.4,5,4,1,12.976,0.281,0.308,0.91,2,8,8,1,1,1,1,0,0,7.814,0.512,0.548,2,1.873,0.085,0
10,4,6,2,8.2,6,6,0,13.519,0.338,0.444,0.761,3,8,8,1,1,1,1,0,0,9.188,0.653,0.517,3,1.658,0.088,0
10,5,11,4,8,11,11,0,13.251,0.576,0.83,0.694,4,8,8,1,1,1,1,0,0,10.733,1.025,0.562,4,1.137,0.088,0
10,6,8,3,7.8,8,7,1,17.346,0.454,0.404,1.125,3,8,8,1,1,1,1,0,0,13.505,0.518,0.876,3,1.264,0.09,0
10,7,8,3,7.6,8,8,0,13.364,0.462,0.599,0.771,3,8,8,1,1,1,1,0,0,9.387,0.852,0.542,3,1.286,0.093,0
10,8,9,3,7.4,9,8,1,20.557,0.524,0.389,1.348,3,8,8,1,1,1,1,0,0,13.783,0.58,0.904,3,2.406,0.099,0
10,9,5,2,7.2,5,5,0,11.293,0.326,0.443,0.737,2,8,8,1,1,1,1,0,0,7.883,0.634,0.515,2,1.091,0.085,0
10,10,9,3,7,9,8,1,26.24,0.549,0.305,1.799,6,8,8,1,1,1,1,0,0,24.363,0.328,1.67,6,2.293,0.104,0
10,11,10,4,6.8,10,9,1,25.689,0.612,0.35,1.747,5,8,8,1,1,1,1,0,0,20.521,0.439,1.396,4,3.64,0.107,0
10,12,10,4,6.6,10,10,0,14.508,0.628,0.689,0.911,5,8,8,1,1,1,1,0,0,10.834,0.923,0.68,4,1.981,0.103,0
10,13,16,6,6.4,16,11,5,26.547,0.905,0.414,2.185,8,8,8,1,1,1,1,0,0,25.849,0.426,2.127,7,1.954,0.13,0
10,14,11,4,6.2,11,10,1,22.719,0.713,0.44,1.619,4,8,8,1,1,1,1,0,0,17.847,0.56,1.272,4,1.429,0.099,0
10,15,15,5,6,15,12,3,26.208,0.906,0.458,1.98,7,8,8,1,1,1,1,0,0,23.376,0.513,1.766,5,2.074,0.113,0
10,16,19,7,5.8,19,19,0,28.307,1.088,0.671,1.621,7,8,8,1,1,1,1,0,0,26.186,0.726,1.499,7,2.677,0.127,0
10,17,13,5,5.6,13,12,1,29.513,0.866,0.407,2.13,7,8,8,1,1,1,1,0,0,26.678,0.45,1.926,7,2.104,0.112,0
10,18,14,5,5.4,14,13,1,28.861,0.932,0.45,2.07,5,8,8,1,1,1,1,0,0,25.725,0.505,1.845,5,1.88,0.116,0
10,19,21,7,5.2,21,20,1,30.876,1.236,0.648,1.908,7,8,8,1,1,1,1,0,0,25.989,0.77,1.606,7,2.639,0.117,0
10,20,19,7,5,19,17,2,26.071,1.194,0.652,1.831,11,8,8,1,1,1,1,0,0,25.951,0.655,1.822,11,2.385,0.13,0
10,21,17,6,5,17,11,6,25.941,1.118,0.424,2.635,12,8,8,1,1,1,1,0,0,24.65,0.446,2.504,12,3.679,0.133,0
10,22,10,4,5,10,7,3,26.073,0.771,0.268,2.871,6,8,8,1,1,1,1,0,0,26.073,0.268,2.871,6,2.986,0.127,0
10,23,20,7,5,20,16,4,25.31,1.225,0.632,1.938,12,8,8,1,0.948,1,0.948,0,0,22.892,0.699,1.753,12,2.363,0.14,0
10,24,22,7,5,22,13,9,26.365,1.03,0.493,2.088,11,8,8,0.948,0.925,0.948,0.925,0,0,22.569,0.576,1.788,11,2.239,0.139,0
10,25,42,7,5,42,21,21,45.893,1.088,0.458,2.379,14,8,8,0.925,0.3,0.925,0.3,0,1,43.625,0.481,2.261,10,2.453,0.142,1
10,26,30,7,5,30,18,12,40.843,1.007,0.441,2.285,13,8,8,0.3,0.34,0.3,0.34,0,1,31.913,0.564,1.786,11,1.713,0.124,2
10,27,34,7,5,34,22,12,46.38,1.087,0.474,2.292,14,8,8,0.34,0.359,0.34,0.359,0,1,38.145,0.577,1.885,11,2.359,0.132,3
10,28,38,7,5,38,21,17,52.077,1.018,0.403,2.524,15,8,8,0.359,0.321,0.359,0.321,0,1,45.652,0.46,2.213,10,2.581,0.138,4
11,1,5,2,8.8,5,2,3,24.046,0.269,0.083,3.234,2,9,1,1,1,1,1,0,0,8.815,0.227,1.186,1,1.801,0.082,0
11,2,5,2,8.6,5,1,4,20.639,0.275,0.048,5.668,3,9,3,1,1,1,1,0,0,14.068,0.071,3.863,3,1.797,0.091,0
11,3,5,2,8.4,5,5,0,38.881,0.281,0.129,2.182,3,9,5,1,0.847,1,0.847,0,0,34.945,0.143,1.962,3,1.081,0.099,0
11,4,6,2,8.2,6,5,1,46.195,0.34,0.108,3.145,4,24,3,0.847,1,0.847,1,0,0,26.97,0.185,1.836,4,1.823,0.093,0
11,5,11,4,8,11,11,0,32.188,0.57,0.342,1.667,7,24,4,1,1,1,1,0,0,25.366,0.434,1.314,5,5.317,0.114,0
11,6,13,5,7.8,13,10,3,33.091,0.665,0.302,2.2,10,24,5,1,1,1,1,0,0,21.59,0.463,1.435,8,5.087,0.121,0
11,7,8,3,7.6,8,5,3,25.915,0.46,0.193,2.386,6,46,6,1,1,1,1,0,0,21.46,0.233,1.976,4,4.514,0.106,0
11,8,10,4,7.4,10,5,5,42.882,0.563,0.117,4.83,6,46,8,1,1,1,1,0,0,23.058,0.217,2.597,6,3.73,0.109,0
11,9,10,4,7.2,10,5,5,27.405,0.592,0.182,3.246,9,67,2,1,1,1,1,0,0,20.102,0.249,2.381,6,5.165,0.124,0
11,10,10,4,7,10,7,3,40.418,0.596,0.173,3.444,10,85,2,1,1,1,1,0,0,20.344,0.344,1.733,6,9.159,0.121,0
11,11,12,4,6.8,12,3,9,54.509,0.734,0.055,13.343,12,105,3,1,1,1,1,0,0,20.466,0.147,5.01,9,4.739,0.111,0
11,12,20,7,6.6,20,8,12,54.515,1.115,0.147,7.597,20,126,4,1,0.876,1,0.876,0,0,19.903,0.402,2.774,9,9.487,0.137,0
11,13,14,5,6.4,14,5,9,186.207,0.871,0.027,32.424,12,151,5,0.876,1,0.876,1,0,0,15.789,0.317,2.749,6,8.539,0.081,0
11,14,16,6,6.2,16,1,15,187.584,0.992,0.005,186.17,16,164,8,1,1,1,1,0,0,20.029,0.05,19.878,13,5.806,0.086,0
11,15,18,6,6,18,9,9,184.955,1.128,0.049,23.178,18,164,10,1,0.962,1,0.962,0,0,38.318,0.235,4.802,6,2.851,0.097,0
11,16,19,7,5.8,19,2,17,186.726,1.16,0.011,108.27,16,164,13,0.962,0.579,0.962,0.579,0,0,22.375,0.089,12.974,7,12.955,0.093,0
11,17,21,7,5.6,21,4,17,67.361,1.127,0.059,18.977,21,203,8,0.579,0.756,0.579,0.756,0,0,45.438,0.088,12.801,13,3.03,0.132,0
11,18,12,4,5.4,12,2,10,59.132,0.798,0.034,23.592,11,203,14,0.756,0.922,0.756,0.922,0,0,45.696,0.044,18.231,10,1.225,0.12,0
11,19,24,7,5.2,24,0,24,187.286,1.076,0,-1,24,224,17,0.922,0.524,0.922,0.524,0,0,50.656,0,-1,11,8.29,0.119,0
11,20,26,7,5,26,5,21,190.404,1.173,0.026,44.666,26,224,23,0.524,0.512,0.524,0.512,0,0,57.374,0.087,13.459,19,5.608,0.127,0
11,21,28,7,5,28,7,21,190.735,1.303,0.037,35.498,28,224,27,0.512,0.712,0.512,0.712,0,0,51.741,0.135,9.63,23,7.533,0.12,0
11,22,30,7,5,30,6,24,189.415,1.087,0.032,34.308,30,224,32,0.712,0.892,0.712,0.892,0,0,50.958,0.118,9.23,23,9.338,0.128,0
11,23,31,7,5,31,21,10,105.413,1.126,0.199,5.653,31,224,41,0.892,1,0.892,1,0,0,52.062,0.403,2.792,19,10.405,0.137,0
11,24,39,7,5,39,15,24,191.671,1.227,0.078,15.68,38,306,43,1,1,1,1,0,0,75.288,0.199,6.159,27,11.272,0.137,0
11,25,43,7,5,43,13,30,117.488,1.152,0.111,10.415,41,287,46,1,1,1,1,0,0,89.621,0.145,7.945,17,4.919,0.141,0
11,26,49,7,5,49,27,22,190.876,1.295,0.141,9.153,47,334,62,1,1,1,1,0,0,98.218,0.275,4.71,39,6.753,0.146,0
11,27,85,7,5,85,8,77,189.592,1.224,0.042,29.011,77,408,44,1,1,1,1,0,0,123.28,0.065,18.864,39,20.018,0.306,0
11,28,58,7,5,58,10,48,190.501,1.214,0.052,23.13,50,486,19,1,0.683,1,0.683,0,0,82.441,0.121,10.009,29,12.366,0.226,0
11,29,59,7,5,59,16,43,191.231,1.255,0.084,15.002,49,486,38,0.683,0.696,0.683,0.696,0,0,81.826,0.196,6.419,32,14.099,0.244,0
11,30,60,7,5,60,6,54,194.962,1.244,0.031,40.407,60,486,61,0.696,0.836,0.696,0.836,0,0,72.922,0.082,15.114,25,21.727,0.348,0
11,31,34,7,5,34,12,22,192.483,1.221,0.062,19.591,34,486,85,0.836,0.687,0.836,0.687,0,0,75.167,0.16,7.651,28,8.189,0.24,0
11,32,63,7,5,63,15,48,195.007,1.315,0.077,17.092,62,486,109,0.687,0.883,0.687,0.883,0,0,113.571,0.132,9.954,40,15.705,0.368,0
11,33,64,7,5,64,12,52,194.871,1.219,0.062,19.796,59,486,113,0.883,1,0.883,1,0,0,98.945,0.121,10.052,22,12.01,0.334,0
11,34,68,7,5,68,19,49,194.087,1.312,0.098,13.399,64,486,113,1,1,1,1,0,0,97.032,0.196,6.699,51,12.64,0.35,0
11,35,68,7,5,68,15,53,194.907,1.284,0.077,16.678,65,486,113,1,1,1,1,0,0,105.436,0.142,9.022,40,16.325,0.364,0
11,36,109,7,5,109,4,105,195.109,1.302,0.021,63.498,102,486,113,1,1,1,1,0,0,105.996,0.038,34.497,45,21.644,0.469,0
11,37,68,7,5,68,6,62,194.898,1.288,0.031,41.826,67,486,113,1,1,1,1,0,0,92.414,0.065,19.832,28,18.11,0.36,0
11,38,68,7,5,68,10,58,195.029,1.294,0.051,25.228,65,486,113,1,1,1,1,0,0,82.651,0.121,10.691,42,13.317,0.368,0
11,39,68,7,5,68,1,67,194.889,1.301,0.005,253.589,67,486,113,1,1,1,1,0,0,65.99,0.015,85.866,37,26.983,0.366,0
11,40,68,7,5,68,3,65,194.943,1.296,0.015,84.192,68,486,113,1,1,1,1,0,0,68.176,0.044,29.444,32,31.761,0.37,0
11,41,68,7,5,68,4,64,194.911,1.278,0.021,62.293,68,486,113,1,1,1,1,0,0,84.43,0.047,26.984,36,19.187,0.364,0
11,42,68,7,5,68,1,67,194.989,1.278,0.005,249.131,68,486,113,1,1,1,1,0,0,71.84,0.014,91.787,38,19.007,0.375,0
11,43,68,7,5,68,8,60,194.864,1.293,0.041,31.505,65,486,113,1,1,1,1,0,0,75.912,0.105,12.273,29,17.08,0.371,0
11,44,73,7,5,73,6,67,194.878,1.282,0.031,41.632,73,486,113,1,1,1,1,0,0,80.255,0.075,17.145,54,15.748,0.372,0
11,45,40,7,5,40,10,30,191.351,1.222,0.052,23.376,39,486,113,1,0.602,1,0.602,0,0,92.37,0.108,11.284,19,10.228,0.241,0
11,46,73,7,5,73,4,69,195.002,1.258,0.021,61.351,71,486,113,0.602,0.724,0.602,0.724,0,0,83.298,0.048,26.207,37,28.858,0.359,0
11,47,73,7,5,73,6,67,194.933,1.268,0.031,41.185,71,486,113,0.724,0.857,0.724,0.857,0,0,91.029,0.066,19.232,61,13.584,0.361,0
11,48,74,7,5,74,44,30,151.437,1.274,0.291,4.383,60,486,113,0.857,1,0.857,1,0,0,65.323,0.674,1.891,35,2.724,0.228,0
11,49,78,7,5,78,25,53,194.762,1.22,0.128,9.504,74,486,113,1,1,1,1,0,0,86.853,0.288,4.238,27,34.127,0.352,0
11,50,87,7,5,87,19,68,194.859,1.293,0.098,13.263,84,486,113,1,1,1,1,0,0,77.935,0.244,5.305,63,23.847,0.407,0
11,51,87,7,5,87,25,62,194.955,1.236,0.128,9.639,80,486,113,1,1,1,1,0,0,86.613,0.289,4.282,33,30.682,0.367,0
11,52,92,7,5,92,13,79,194.887,1.271,0.067,19.056,86,486,113,1,1,1,1,0,0,74.718,0.174,7.306,40,21.494,0.404,0
11,53,95,7,5,95,43,52,194.816,1.258,0.221,5.699,71,486,113,1,1,1,1,0,0,98.827,0.435,2.891,49,4.221,0.378,0
11,54,103,7,5,103,13,90,194.777,1.322,0.067,19.809,99,569,137,1,1,1,1,0,0,80.894,0.161,8.227,46,31.585,0.562,0
11,55,119,7,5,119,11,108,195.055,1.347,0.056,23.892,119,569,147,1,1,1,1,0,0,77.603,0.142,9.506,91,31.687,0.597,0
11,56,107,7,5,107,28,79,195.21,1.288,0.143,8.98,98,569,147,1,1,1,1,0,0,87.911,0.319,4.044,70,26.295,0.482,0
11,57,173,7,5,173,15,158,195.275,1.34,0.077,17.448,166,569,147,1,1,1,1,0,0,54.525,0.275,4.872,104,41.159,0.607,0
11,58,110,7,5,110,16,94,195.195,1.32,0.082,16.1,106,569,147,1,1,1,1,0,0,79.023,0.202,6.518,75,25.431,0.561,0
11,59,110,7,5,110,29,81,195.038,1.336,0.149,8.986,100,569,147,1,1,1,1,0,0,83.321,0.348,3.839,70,21.134,0.478,0
11,60,110,7,5,110,20,90,194.945,1.336,0.103,13.018,107,569,147,1,1,1,1,0,0,88.321,0.226,5.898,76,21.136,0.46,0
11,61,110,7,5,110,31,79,194.855,1.336,0.159,8.395,97,569,147,1,1,1,1,0,0,92.431,0.335,3.982,74,16.429,0.375,0
11,62,176,7,5,176,35,141,195.806,1.324,0.179,7.409,145,569,147,1,1,1,1,0,0,105.648,0.331,3.998,89,16.453,0.533,0
11,63,122,7,5,122,12,110,194.912,1.292,0.062,20.984,110,569,147,1,1,1,1,0,0,76.831,0.156,8.271,45,29.408,0.515,0
11,64,116,7,5,116,17,99,194.786,1.312,0.087,15.038,112,569,147,1,1,1,1,0,0,94.817,0.179,7.32,73,22.207,0.505,0
11,65,186,7,5,186,3,183,195.341,1.353,0.015,88.072,183,569,147,1,1,1,1,0,0,40.969,0.073,18.472,92,28.56,0.645,0
11,66,116,7,5,116,11,105,194.912,1.299,0.056,23.016,112,569,147,1,1,1,1,0,0,77.028,0.143,9.096,84,19.799,0.539,0
11,67,128,7,5,128,9,119,195.017,1.293,0.046,28.023,121,569,147,1,1,1,1,0,0,79.502,0.113,11.424,69,29.93,0.511,0
11,68,116,7,5,116,27,89,195.189,1.312,0.138,9.484,93,569,147,1,1,1,1,0,0,101.574,0.266,4.935,43,15.469,0.438,0
12,1,5,2,8.8,5,2,3,55.546,0.269,0.036,7.464,4,10,1,1,1,1,1,0,0,5.416,0.369,0.728,2,6.846,0.081,0
12,2,5,2,8.6,5,3,2,37.968,0.275,0.079,3.481,2,10,7,1,1,1,1,0,0,9.378,0.32,0.86,2,3.492,0.075,0
12,3,5,2,8.4,5,4,1,23.708,0.282,0.169,1.668,3,10,8,1,1,1,1,0,0,9.673,0.414,0.681,3,1.344,0.088,0
12,4,6,2,8.2,6,6,0,17.391,0.339,0.345,0.983,3,10,8,1,1,1,1,0,0,9.866,0.608,0.558,2,2.561,0.085,0
12,5,18,6,8,18,15,3,33.146,0.835,0.453,1.844,9,10,10,1,1,1,1,0,0,32.683,0.459,1.819,8,2.409,0.117,0
12,6,20,7,7.8,20,18,2,31.281,0.91,0.575,1.581,12,10,10,1,1,1,1,0,0,27.881,0.646,1.409,9,2.079,0.126,0
12,7,8,3,7.6,8,7,1,23.459,0.465,0.298,1.557,3,10,10,1,1,1,1,0,0,21.19,0.33,1.406,3,1.098,0.106,0
12,8,9,3,7.4,9,9,0,23.566,0.523,0.382,1.37,6,10,10,1,1,1,1,0,0,22.446,0.401,1.305,4,4.355,0.116,0
12,9,9,3,7.2,9,9,0,19.369,0.537,0.465,1.156,6,10,10,1,1,1,1,0,0,15.653,0.575,0.934,6,0.67,0.105,0
12,10,9,3,7,9,9,0,23.223,0.542,0.388,1.398,6,10,10,1,1,1,1,0,0,22.895,0.393,1.378,6,0.99,0.114,0
12,11,17,6,6.8,17,16,1,24.697,0.901,0.648,1.391,8,10,10,1,1,1,1,0,0,24.299,0.658,1.369,6,2.832,0.134,0
12,12,10,4,6.6,10,10,0,33.276,0.622,0.301,2.071,6,10,10,1,1,1,1,0,0,30.422,0.329,1.894,6,2.278,0.127,0
12,13,10,4,6.4,10,10,0,24.46,0.645,0.409,1.578,6,10,10,1,1,1,1,0,0,22.429,0.446,1.447,5,1.816,0.119,0
12,14,11,4,6.2,11,10,1,27.712,0.714,0.361,1.978,4,10,10,1,1,1,1,0,0,25.769,0.388,1.839,4,1.427,0.118,0
12,15,11,4,6,11,11,0,30.873,0.732,0.356,2.054,6,10,10,1,1,1,1,0,0,30.185,0.364,2.008,5,1.459,0.124,0
12,16,12,4,5.8,12,9,3,26.267,0.794,0.343,2.316,6,10,10,1,1,1,1,0,0,23.827,0.378,2.101,6,1.384,0.128,0
12,17,13,5,5.6,13,11,2,19.642,0.868,0.56,1.55,9,10,10,1,1,1,1,0,0,19.119,0.575,1.509,9,1.169,0.124,0
12,18,25,7,5.4,25,23,2,34.744,1.046,0.662,1.58,11,10,10,1,1,1,1,0,0,34.744,0.662,1.58,10,1.501,0.152,0
12,19,15,5,5.2,15,15,0,29.909,1.008,0.502,2.01,9,10,10,1,1,1,1,0,0,26.75,0.561,1.798,8,2.853,0.131,0
12,20,16,6,5,16,15,1,29.717,1.072,0.505,2.123,7,10,10,1,1,1,1,0,0,29.717,0.505,2.123,7,1.617,0.131,0
12,21,29,7,5,29,27,2,40.351,1.007,0.669,1.504,18,10,10,1,1,1,1,0,0,40.351,0.669,1.504,18,0.825,0.142,0
12,22,18,6,5,18,12,6,30.772,1.15,0.39,2.948,11,10,10,1,1,1,1,0,0,28.879,0.416,2.767,8,2.04,0.143,0
12,23,20,7,5,20,18,2,41.808,1.206,0.431,2.8,12,10,10,1,1,1,1,0,0,40.737,0.442,2.729,10,1.359,0.148,0
12,24,22,7,5,22,21,1,41.291,1.026,0.509,2.017,8,10,10,1,1,1,1,0,0,40.983,0.512,2.002,7,1.722,0.137,0
12,25,25,7,5,25,23,2,47.632,1.069,0.483,2.215,13,10,10,1,1,1,1,0,0,46.819,0.491,2.177,9,1.575,0.146,0
12,26,28,7,5,28,23,5,47.558,1.146,0.484,2.369,11,10,10,1,1,1,1,0,0,43.993,0.523,2.192,11,1.637,0.146,0
12,27,17,6,5,17,14,3,40.658,1.063,0.344,3.088,16,10,10,1,1,1,1,0,0,38.699,0.362,2.939,14,2.45,0.128,0
12,28,34,7,5,34,26,8,62.68,1.087,0.415,2.619,19,10,10,1,1,1,1,0,0,48.475,0.536,2.026,18,2.18,0.12,0
12,29,35,7,5,35,34,1,49.456,1.142,0.687,1.661,16,10,10,1,1,1,1,0,0,49.191,0.691,1.652,13,1.925,0.137,0
12,30,39,7,5,39,39,0,46.286,1.044,0.843,1.239,12,10,10,1,1,1,1,0,0,44.912,0.868,1.202,8,1.825,0.179,0
12,31,49,7,5,49,43,6,54.929,1.076,0.783,1.375,24,10,10,1,1,1,1,0,0,50.938,0.844,1.275,20,2.064,0.176,0
12,32,38,7,5,38,24,14,43.242,1.022,0.555,1.841,16,10,10,1,0.905,1,0.905,0,0,43.048,0.558,1.833,14,1.455,0.178,0
12,33,52,7,5,52,33,19,56.109,1.011,0.588,1.72,15,10,10,0.905,0.354,0.905,0.354,0,1,54.044,0.611,1.656,12,2.335,0.154,1
12,34,23,7,5,23,6,17,26.009,1.057,0.231,4.581,16,10,10,0.354,0.528,0.354,0.528,0,0,23.05,0.26,4.06,11,0.844,0.141,0.75
12,35,43,7,5,43,35,8,60.659,0.985,0.577,1.707,11,10,10,0.528,0.824,0.528,0.824,0,0,51.036,0.686,1.436,8,1.145,0.154,0.5
12,36,43,7,5,43,25,18,84.804,0.989,0.295,3.353,15,10,10,0.824,0.712,0.824,0.712,0,0,60.451,0.414,2.39,12,2.713,0.143,0.25
12,37,45,7,5,45,22,23,69.828,1.015,0.315,3.222,13,10,10,0.712,0.592,0.712,0.592,0,0,61.549,0.357,2.84,11,1.29,0.169,0
12,38,75,7,5,75,37,38,92.893,1.022,0.398,2.565,16,10,10,0.592,0.297,0.592,0.297,0,1,77.636,0.477,2.144,13,2.511,0.166,1
12,39,47,7,5,47,40,7,46.926,1.064,0.852,1.248,12,10,10,0.297,0.44,0.297,0.44,0,1,46.707,0.856,1.242,12,1.287,0.193,2
12,40,59,7,5,59,54,5,61.378,1.009,0.88,1.147,13,10,10,0.44,0.466,0.44,0.466,0,1,58.276,0.927,1.089,9,1.436,0.185,3
12,41,59,7,5,59,33,26,64.474,1.006,0.512,1.965,18,10,10,0.466,0.324,0.466,0.324,0,1,60.209,0.548,1.835,13,1.914,0.2,4
12,42,47,7,5,47,26,21,47.561,1.048,0.547,1.917,14,10,10,0.324,0.321,0.324,0.321,0,1,44.973,0.578,1.813,11,1.927,0.188,5
12,43,47,7,5,47,38,9,45.384,1.042,0.837,1.244,12,10,10,0.321,0.423,0.321,0.423,0,1,43.52,0.873,1.193,9,1.038,0.199,6
12,44,47,7,5,47,41,6,41.978,1.065,0.977,1.09,14,10,10,0.423,0.449,0.423,0.449,0,1,39.325,1.043,1.021,14,1.193,0.177,7
12,45,47,7,5,47,43,4,45.675,1.04,0.941,1.105,9,10,10,0.449,0.466,0.449,0.466,0,1,44.36,0.969,1.073,7,1.121,0.203,8
12,46,47,7,5,47,23,24,53.816,1.039,0.427,2.43,15,10,10,0.466,0.296,0.466,0.296,0,1,48.445,0.475,2.188,12,1.883,0.191,9
12,47,46,7,5,46,39,7,44.469,1.028,0.877,1.172,10,10,10,0.296,0.439,0.296,0.439,0,1,40.136,0.972,1.058,9,1.425,0.198,10
