run,turn,N,b,g,A,D,E,busy_sec,lambda,mu,rho,q_max,L,K,lord_hp_start,lord_hp_end,sigma_start,sigma_end,grave,burned,engaged_sec,mu_eng,rho_eng,eng_max,contact_sec,dt_mean
1,1,4,2,8.8,4,3,1,23.768,0.407,0.126,3.223,3,7,1,1,1,1,1,0,0,15.813,0.19,2.144,2,4.361,0.028
1,2,5,2,8.6,5,4,1,20.33,0.276,0.197,1.402,3,7,5,1,1,1,1,0,0,14.006,0.286,0.966,2,2.05,0.033
1,3,6,2,8.4,6,5,1,21.543,0.331,0.232,1.426,4,7,7,1,1,1,1,0,0,19.114,0.262,1.265,4,0.616,0.029
1,4,11,4,8.2,11,10,1,10.091,0.567,0.991,0.572,4,7,7,1,1,1,1,0,0,8.576,1.166,0.486,4,0.481,0.03
1,5,11,4,8,11,10,1,14.926,0.577,0.67,0.861,4,7,7,1,1,1,1,0,0,13.138,0.761,0.757,3,1.803,0.034
1,6,9,3,7.8,9,8,1,10.864,0.501,0.736,0.68,3,7,7,1,1,1,1,0,0,10.25,0.781,0.641,3,0.631,0.031
1,7,10,4,7.6,10,9,1,15.071,0.557,0.597,0.933,4,7,7,1,1,1,1,0,0,14.188,0.634,0.878,4,0.728,0.034
1,8,11,4,7.4,11,8,3,12.933,0.614,0.619,0.993,4,7,7,1,1,1,1,0,0,12.184,0.657,0.936,4,0.566,0.037
1,9,12,4,7.2,12,11,1,18.376,0.676,0.599,1.129,5,7,7,1,1,1,1,0,0,16.583,0.663,1.019,5,0.52,0.036
1,10,13,5,7,13,12,1,15.462,0.726,0.776,0.935,5,7,7,1,1,1,1,0,0,14.808,0.81,0.896,4,1.676,0.038
1,11,14,5,6.8,14,11,3,18.079,0.79,0.608,1.298,5,7,7,1,1,1,1,0,0,17.079,0.644,1.226,5,0.994,0.038
1,12,15,5,6.6,15,12,3,17.909,0.836,0.67,1.247,6,7,7,1,1,1,1,0,0,16.216,0.74,1.129,5,1.493,0.041
1,13,16,6,6.4,16,12,4,18.848,0.906,0.637,1.423,8,7,7,1,1,1,1,0,0,16.596,0.723,1.253,6,0.821,0.044
1,14,23,7,6.2,23,18,6,21.397,0.905,0.841,1.076,10,7,7,1,1,1,1,0,0,20.385,0.883,1.025,9,0.771,0.036
1,15,21,7,6,21,14,7,22.942,1.13,0.61,1.851,9,7,7,1,1,1,1,0,0,21.542,0.65,1.738,7,0.653,0.037
1,16,19,7,5.8,19,12,7,16.722,1.086,0.718,1.513,7,7,7,1,1,1,1,0,0,16.688,0.719,1.51,6,0.733,0.031
1,17,28,7,5.6,28,16,12,41.35,1.094,0.387,2.828,10,7,7,1,0.843,1,0.843,0,0,40.111,0.399,2.743,9,0.972,0.032
1,18,27,7,5.4,27,15,12,28.588,1.101,0.525,2.098,12,7,7,0.843,0.975,0.843,0.975,0,0,26.727,0.561,1.962,7,0.724,0.034
1,19,22,7,5.2,22,6,16,26.18,0.999,0.229,4.359,14,7,7,0.975,1,0.975,1,0,0,24.037,0.25,4.002,13,1.048,0.032
1,20,23,7,5,23,13,10,36.293,1.039,0.358,2.902,7,7,7,1,1,1,1,0,0,34.697,0.375,2.774,7,0.745,0.03
1,21,24,7,5,24,12,12,32.292,1.077,0.372,2.898,11,7,7,1,0.22,1,0.22,1,1,31.652,0.379,2.841,7,0.982,0.034
1,22,24,7,5,24,12,12,28.483,1.076,0.421,2.554,14,7,7,0.22,0.22,0.22,0.22,1,1,26.218,0.458,2.351,13,1.17,0.04
1,23,25,7,5,25,8,17,27.131,1.101,0.295,3.733,9,7,7,0.22,0.22,0.22,0.22,1,1,25.898,0.309,3.564,9,0.783,0.031
1,24,26,7,5,26,7,19,24.931,1.132,0.281,4.031,11,7,7,0.22,0.44,0.22,0.44,0,0,24.238,0.289,3.919,9,0.684,0.032
1,25,45,7,5,45,16,29,51.354,1.024,0.312,3.287,19,7,7,0.44,0.22,0.44,0.22,1,1,48.187,0.332,3.085,15,0.668,0.033
1,26,29,7,5,29,9,20,30.657,1.002,0.294,3.412,16,7,7,0.22,0.22,0.22,0.22,1,1,27.163,0.331,3.023,16,0.932,0.037
1,27,30,7,5,30,11,19,34.637,1.023,0.318,3.222,14,7,7,0.22,0.22,0.22,0.22,1,1,32.704,0.336,3.042,12,1.1,0.034
1,28,29,7,5,29,12,17,33.752,1.003,0.356,2.82,19,7,7,0.22,0.22,0.22,0.22,1,1,29.608,0.405,2.474,18,0.839,0.035
1,29,28,7,5,28,5,23,27.541,1.187,0.182,6.54,14,7,7,0.22,0.253,0.22,0.253,0,0,26.493,0.189,6.291,11,1.052,0.035
2,1,4,2,8.8,4,4,0,25.928,0.409,0.154,2.648,3,9,1,1,1,1,1,0,0,19.665,0.203,2.009,2,2.953,0.022
2,2,5,2,8.6,5,2,3,24.335,0.275,0.082,3.344,2,9,5,1,1,1,1,0,0,10.923,0.183,1.501,2,2.426,0.021
2,3,6,2,8.4,6,3,3,19.267,0.331,0.156,2.124,3,9,8,1,1,1,1,0,0,10.982,0.273,1.211,2,1.921,0.022
2,4,7,3,8.2,7,6,1,16.17,0.388,0.371,1.045,3,9,9,1,1,1,1,0,0,13.182,0.455,0.852,3,1.229,0.024
2,5,8,3,8,8,8,0,22.586,0.443,0.354,1.252,6,9,9,1,1,1,1,0,0,10.517,0.761,0.583,6,3.218,0.026
2,6,9,3,7.8,9,8,1,25.022,0.5,0.32,1.565,6,9,9,1,1,1,1,0,0,20.695,0.387,1.295,4,2.783,0.027
2,7,10,4,7.6,10,6,4,23.59,0.557,0.254,2.191,6,9,9,1,1,1,1,0,0,16.494,0.364,1.532,4,2.152,0.028
2,8,18,6,7.4,18,14,4,32.227,0.884,0.434,2.036,7,9,9,1,1,1,1,0,0,27.425,0.51,1.732,5,2.027,0.03
2,9,12,4,7.2,12,9,3,22.803,0.675,0.395,1.71,5,9,9,1,1,1,1,0,0,15.733,0.572,1.18,4,3.151,0.028
2,10,16,6,7,16,13,3,26.087,0.849,0.498,1.703,9,9,9,1,1,1,1,0,0,22.569,0.576,1.473,8,3.011,0.032
2,11,14,5,6.8,14,8,6,24.858,0.786,0.322,2.442,6,9,9,1,1,1,1,0,0,21.786,0.367,2.14,5,2.289,0.03
2,12,15,5,6.6,15,9,6,22.808,0.847,0.395,2.148,7,9,9,1,1,1,1,0,0,19.652,0.458,1.85,6,1.45,0.031
2,13,27,7,6.4,27,13,14,36.959,0.978,0.352,2.78,11,9,9,1,1,1,1,0,0,30.55,0.426,2.298,6,2.386,0.033
2,14,18,6,6.2,18,11,7,23.519,1.003,0.468,2.145,7,9,9,1,1,1,1,0,0,19.156,0.574,1.747,6,2.146,0.03
2,15,32,7,6,32,18,14,47.477,0.948,0.379,2.502,16,9,9,1,0.793,1,0.793,0,0,42.762,0.421,2.253,14,2.51,0.036
2,16,22,7,5.8,22,8,14,41.361,0.918,0.193,4.746,7,9,9,0.793,1,0.793,1,0,0,35.137,0.228,4.032,7,2.349,0.033
2,17,24,7,5.6,24,9,15,34.173,0.997,0.263,3.784,9,9,9,1,0.732,1,0.732,0,0,28.231,0.319,3.126,9,2.725,0.034
2,18,24,7,5.4,24,4,20,32.537,1.021,0.123,8.307,13,9,9,0.732,1,0.732,1,0,0,26.651,0.15,6.804,11,4.186,0.038
2,19,26,7,5.2,26,9,17,29.433,1.103,0.306,3.606,14,9,9,1,0.408,1,0.408,0,0,26.642,0.338,3.265,10,2.228,0.039
2,20,43,7,5,43,26,17,50.745,1.002,0.512,1.956,16,9,9,0.408,0.22,0.408,0.22,1,1,44.452,0.585,1.713,15,2.548,0.041
2,21,28,7,5,28,9,19,30.151,1.181,0.298,3.956,18,9,9,0.22,0.22,0.22,0.22,1,1,25.094,0.359,3.293,11,4.236,0.037
2,22,30,7,5,30,14,16,32.64,1.034,0.429,2.41,22,9,9,0.22,0.22,0.22,0.22,1,1,31.056,0.451,2.293,13,3.397,0.038
2,23,29,7,5,29,15,14,32.674,1.009,0.459,2.197,17,9,9,0.22,0.22,0.22,0.22,1,1,27.528,0.545,1.851,14,2.984,0.035
3,1,4,2,8.8,4,1,3,44.669,0.408,0.022,18.237,3,8,1,1,1,1,1,0,0,9.463,0.106,3.863,3,8.085,0.021
3,2,5,2,8.6,5,4,1,23.774,0.275,0.168,1.634,3,8,6,1,1,1,1,0,0,19.902,0.201,1.368,3,1.596,0.023
3,3,6,2,8.4,6,5,1,32.266,0.331,0.155,2.134,3,8,8,1,1,1,1,0,0,26.326,0.19,1.741,3,1.474,0.023
3,4,7,3,8.2,7,6,1,26.143,0.387,0.23,1.688,4,8,8,1,1,1,1,0,0,23.08,0.26,1.49,4,2.748,0.025
3,5,11,4,8,11,11,0,26.981,0.576,0.408,1.412,5,8,8,1,1,1,1,0,0,25.518,0.431,1.336,4,3.862,0.028
3,6,9,3,7.8,9,9,0,23.072,0.5,0.39,1.282,4,8,8,1,1,1,1,0,0,20.531,0.438,1.141,3,1.056,0.026
3,7,10,4,7.6,10,10,0,24.568,0.557,0.407,1.369,4,8,8,1,1,1,1,0,0,19.945,0.501,1.112,3,2.51,0.028
3,8,11,4,7.4,11,11,0,22.399,0.615,0.491,1.252,6,8,8,1,1,1,1,0,0,20.794,0.529,1.162,6,1.191,0.028
3,9,12,4,7.2,12,11,1,24.867,0.675,0.442,1.527,6,8,8,1,1,1,1,0,0,21.734,0.506,1.334,6,1.771,0.029
3,10,13,5,7,13,11,2,23.195,0.732,0.474,1.543,8,8,8,1,1,1,1,0,0,21.009,0.524,1.398,6,2.234,0.029
3,11,14,5,6.8,14,14,1,20.817,0.789,0.673,1.173,8,8,8,1,1,1,1,0,0,19.555,0.716,1.102,7,1.102,0.03
3,12,15,5,6.6,15,13,2,27.739,0.846,0.469,1.805,7,8,8,1,1,1,1,0,0,25.885,0.502,1.684,7,1.577,0.033
3,13,26,7,6.4,26,14,12,27.678,0.956,0.506,1.889,9,8,8,1,1,1,1,0,0,23.989,0.584,1.637,8,1.167,0.034
3,14,17,6,6.2,17,12,5,33.001,0.972,0.364,2.672,6,8,8,1,1,1,1,0,0,31.708,0.378,2.567,5,1.1,0.03
3,15,19,7,6,19,13,6,25.211,1.062,0.516,2.059,8,8,8,1,1,1,1,0,0,24.704,0.526,2.018,8,1.267,0.034
3,16,29,7,5.8,29,18,11,48.52,0.91,0.371,2.453,10,8,8,1,0.998,1,0.998,0,0,46.971,0.383,2.374,10,1.277,0.035
3,17,24,7,5.6,24,14,10,39.778,0.996,0.352,2.829,14,8,8,0.998,1,0.998,1,0,0,37.482,0.374,2.666,14,0.628,0.033
3,18,24,7,5.4,24,9,15,34.897,1.022,0.258,3.964,12,8,8,1,0.22,1,0.22,1,1,32.26,0.279,3.664,12,1.558,0.036
3,19,32,7,5.2,32,19,13,42.184,1.051,0.45,2.333,11,8,8,1,0.22,0.22,0.22,1,1,39.047,0.487,2.16,10,1.26,0.035
3,20,26,7,5,26,9,17,46.74,1.132,0.193,5.878,14,8,8,0.22,0.355,0.22,0.355,0,0,41.704,0.216,5.245,11,1.315,0.033
3,21,27,7,5,27,14,13,30.605,1.157,0.457,2.53,19,8,8,0.355,0.22,0.355,0.22,1,1,29.446,0.475,2.434,16,1.442,0.04
3,22,28,7,5,28,5,23,29.749,1.183,0.168,7.037,15,8,8,0.22,0.22,0.22,0.22,1,1,26.125,0.191,6.179,12,1.958,0.037
4,1,4,2,8.8,4,0,4,35.44,0.409,0,-1,2,7,1,1,1,1,1,0,0,4.489,0,-1,2,7.644,0.02
4,2,5,2,8.6,5,2,3,24.317,0.275,0.082,3.343,2,7,6,1,1,1,1,0,0,6.189,0.323,0.851,2,1.97,0.021
4,3,6,2,8.4,6,6,0,21.079,0.331,0.285,1.161,5,7,7,1,1,1,1,0,0,5.723,1.048,0.315,5,5.695,0.025
4,4,7,3,8.2,7,5,2,18.774,0.388,0.266,1.456,4,7,7,1,1,1,1,0,0,13.016,0.384,1.009,4,0.994,0.025
4,5,13,5,8,13,12,1,16.491,0.657,0.728,0.903,8,7,7,1,1,1,1,0,0,13.486,0.89,0.739,8,1.124,0.028
4,6,9,3,7.8,9,7,2,15.14,0.501,0.462,1.083,3,7,7,1,1,1,1,0,0,12.067,0.58,0.863,3,0.247,0.027
4,7,10,4,7.6,10,9,1,10.264,0.558,0.877,0.636,4,7,7,1,1,1,1,0,0,9.23,0.975,0.572,4,0.484,0.028
4,8,11,4,7.4,11,10,1,17.679,0.615,0.566,1.088,6,7,7,1,1,1,1,0,0,15.316,0.653,0.943,6,1.273,0.029
4,9,12,4,7.2,12,11,1,24.374,0.675,0.451,1.495,7,7,7,1,1,1,1,0,0,17.759,0.619,1.089,5,1.707,0.031
4,10,13,5,7,13,9,4,23.1,0.732,0.39,1.878,6,7,7,1,1,1,1,0,0,19.979,0.45,1.624,4,1.888,0.032
4,11,14,5,6.8,14,10,4,24.975,0.79,0.4,1.974,6,7,7,1,1,1,1,0,0,20.947,0.477,1.656,5,1.743,0.034
4,12,15,5,6.6,15,11,4,23.034,0.849,0.478,1.777,7,7,7,1,1,1,1,0,0,20.311,0.542,1.567,5,1.135,0.034
4,13,24,7,6.4,24,18,6,31.075,0.906,0.579,1.565,9,7,7,1,1,1,1,0,0,27.187,0.662,1.369,8,1.944,0.037
4,14,18,6,6.2,18,14,4,18.905,1.007,0.741,1.359,8,7,7,1,1,1,1,0,0,15.127,0.925,1.088,7,1.801,0.035
4,15,19,7,6,19,8,11,25.914,1.061,0.309,3.437,13,7,7,1,1,1,1,0,0,25.524,0.313,3.385,9,2.425,0.039
4,16,28,7,5.8,28,18,10,35.509,1.073,0.507,2.117,16,7,7,1,0.612,1,0.612,0,0,34.805,0.517,2.075,12,2.25,0.04
4,17,22,7,5.6,22,8,14,31.521,0.941,0.254,3.708,9,7,7,1,0.952,0.612,0.952,0,0,30.408,0.263,3.577,7,1.167,0.036
4,18,23,7,5.4,23,6,17,32.878,0.986,0.182,5.403,13,7,7,0.952,0.957,0.952,0.957,0,0,30.059,0.2,4.939,10,1.731,0.035
4,19,24,7,5.2,24,12,12,55.436,1.054,0.216,4.87,11,7,7,0.957,0.857,0.957,0.857,0,0,38.595,0.311,3.391,10,1.53,0.032
4,20,28,7,5,28,6,22,42.352,1.183,0.142,8.349,14,7,7,0.857,0.572,0.857,0.572,0,0,40.286,0.149,7.942,12,1.326,0.033
4,21,27,7,5,27,6,21,32.51,1.159,0.185,6.28,16,7,7,0.572,0.22,0.572,0.22,1,1,29.437,0.204,5.687,13,1.515,0.038
4,22,36,7,5,36,16,20,41.957,0.991,0.381,2.598,16,7,7,1,0.22,0.22,0.22,1,1,41.78,0.383,2.587,8,1.877,0.039
4,23,29,7,5,29,6,23,31.187,1.009,0.192,5.243,16,7,7,0.22,0.22,0.22,0.22,1,1,30.045,0.2,5.051,14,1.102,0.036
5,1,4,2,8.8,4,2,2,32.092,0.409,0.062,6.561,3,8,1,1,1,1,1,0,0,13.475,0.148,2.755,1,7.1,0.022
5,2,5,2,8.6,5,3,2,38.993,0.275,0.077,3.573,3,8,7,1,1,1,1,0,0,21.058,0.142,1.93,3,1.884,0.022
5,3,6,2,8.4,6,4,2,24.3,0.331,0.165,2.011,4,8,8,1,1,1,1,0,0,15.05,0.266,1.245,3,4.389,0.025
5,4,7,3,8.2,7,6,1,23.52,0.387,0.255,1.517,4,8,8,1,1,1,1,0,0,21.579,0.278,1.392,4,0.845,0.027
5,5,11,4,8,11,11,0,23.063,0.577,0.477,1.209,6,8,8,1,1,1,1,0,0,18.996,0.579,0.996,6,3.154,0.03
5,6,14,5,7.8,14,11,3,16.969,0.709,0.648,1.094,6,8,8,1,1,1,1,0,0,13.515,0.814,0.871,6,1.165,0.029
5,7,10,4,7.6,10,10,0,19.87,0.558,0.503,1.108,5,8,8,1,1,1,1,0,0,18.36,0.545,1.024,5,1.175,0.031
5,8,11,4,7.4,11,10,1,19.912,0.615,0.502,1.225,5,8,8,1,1,1,1,0,0,17.646,0.567,1.086,5,1.293,0.032
5,9,7,3,7.2,7,5,2,15.809,0.437,0.316,1.382,4,8,8,1,1,1,1,0,0,9.761,0.512,0.853,3,0.367,0.027
5,10,17,6,7,17,15,2,21.506,0.888,0.697,1.273,10,8,8,1,1,1,1,0,0,19.986,0.751,1.183,10,1.22,0.035
5,11,14,5,6.8,14,10,4,20.418,0.79,0.49,1.613,7,8,8,1,1,1,1,0,0,18.595,0.538,1.469,7,1.243,0.033
5,12,15,5,6.6,15,13,2,19.909,0.848,0.653,1.299,7,8,8,1,1,1,1,0,0,18.506,0.702,1.208,7,1.019,0.034
5,13,23,7,6.4,23,20,3,29.849,0.877,0.67,1.309,14,8,8,1,1,1,1,0,0,28.435,0.703,1.247,14,1.653,0.037
5,14,24,7,6.2,24,18,6,28.247,0.928,0.637,1.456,10,8,8,1,1,1,1,0,0,25.696,0.701,1.325,10,1.036,0.036
5,15,18,6,6,18,14,4,26.345,1.026,0.531,1.93,12,8,8,1,1,1,1,0,0,23.161,0.604,1.697,11,1.661,0.039
5,16,19,7,5.8,19,4,15,20.427,1.087,0.196,5.552,13,8,8,1,1,1,1,0,0,17.559,0.228,4.772,13,2.566,0.038
5,17,21,7,5.6,21,9,12,24.652,1.174,0.365,3.215,12,8,8,1,1,1,1,0,0,22.495,0.4,2.934,12,1.289,0.04
5,18,12,4,5.4,12,7,5,19.955,0.834,0.351,2.379,7,8,8,1,1,1,1,0,0,18.628,0.376,2.22,7,1.271,0.035
5,19,30,7,5.2,30,9,21,55.376,1.008,0.163,6.203,13,8,8,1,1,1,1,0,0,52.248,0.172,5.853,12,1.577,0.033
5,20,24,7,5,24,9,15,28.845,1.067,0.312,3.419,17,8,8,1,0.65,1,0.65,0,0,26.341,0.342,3.122,16,2.819,0.042
5,21,25,7,5,25,7,18,28.001,1.095,0.25,4.379,14,8,8,0.65,0.458,0.65,0.458,0,0,25.908,0.27,4.052,10,1.948,0.04
5,22,26,7,5,26,15,11,41.08,1.11,0.365,3.041,14,8,8,1,0.22,0.458,0.22,1,1,33.795,0.444,2.501,12,1.535,0.037
5,23,27,7,5,27,4,23,26.675,1.152,0.15,7.683,14,8,8,0.22,0.437,0.22,0.437,0,0,23.404,0.171,6.74,14,1.059,0.04
5,24,29,7,5,29,10,19,34.598,1.02,0.289,3.53,22,8,8,0.437,0.342,0.437,0.342,0,0,30.229,0.331,3.084,15,1.538,0.037
5,25,41,7,5,41,32,9,27.899,1.081,1.147,0.942,12,8,8,0.342,0.22,0.342,0.22,1,1,26.045,1.229,0.88,10,0.534,0.036
5,26,30,7,5,30,11,19,34.424,1.022,0.32,3.198,17,8,8,0.22,0.22,0.22,0.22,1,1,32.059,0.343,2.978,13,1.49,0.04
5,27,29,7,5,29,13,16,34.239,1.001,0.38,2.636,16,8,8,0.22,0.22,0.22,0.22,1,1,28.516,0.456,2.195,13,1.418,0.037
6,1,4,2,8.8,4,2,2,20.81,0.409,0.096,4.252,3,9,1,1,1,1,1,0,0,5.661,0.353,1.157,1,2.148,0.022
6,2,5,2,8.6,5,2,3,25.881,0.275,0.077,3.557,3,9,7,1,1,1,1,0,0,14.927,0.134,2.051,3,1.744,0.023
6,3,6,2,8.4,6,6,0,27.376,0.331,0.219,1.509,3,9,8,1,1,1,1,0,0,23.952,0.251,1.32,2,1.917,0.024
6,4,7,3,8.2,7,5,2,16.44,0.388,0.304,1.275,3,9,9,1,1,1,1,0,0,11.163,0.448,0.866,3,1.111,0.024
6,5,8,3,8,8,6,2,21.971,0.443,0.273,1.623,5,9,9,1,1,1,1,0,0,17.229,0.348,1.273,5,2.021,0.027
6,6,14,5,7.8,14,14,0,28.194,0.71,0.497,1.429,8,9,9,1,1,1,1,0,0,23.754,0.589,1.204,8,1.774,0.03
6,7,10,4,7.6,10,7,3,24.417,0.558,0.287,1.948,5,9,9,1,1,1,1,0,0,17.866,0.392,1.425,4,1.971,0.029
6,8,11,4,7.4,11,10,1,40.995,0.615,0.244,2.522,7,9,9,1,1,1,1,0,0,36.91,0.271,2.271,7,0.918,0.032
6,9,12,4,7.2,12,11,1,23.84,0.675,0.461,1.463,7,9,9,1,1,1,1,0,0,22.405,0.491,1.375,7,1.753,0.032
6,10,13,5,7,13,12,1,22.59,0.729,0.531,1.373,8,9,9,1,1,1,1,0,0,20.195,0.594,1.227,7,2.363,0.034
6,11,14,5,6.8,14,10,4,20.401,0.79,0.49,1.612,8,9,9,1,1,1,1,0,0,17.691,0.565,1.398,8,1.197,0.033
6,12,15,5,6.6,15,14,1,22.46,0.849,0.623,1.363,10,9,9,1,1,1,1,0,0,21.588,0.649,1.31,10,1.336,0.036
6,13,16,6,6.4,16,13,3,21.115,0.908,0.616,1.475,11,9,9,1,1,1,1,0,0,18.447,0.705,1.289,11,1.166,0.038
6,14,24,7,6.2,24,20,4,33.348,0.929,0.6,1.55,11,9,9,1,0.991,1,0.991,0,0,29.062,0.688,1.35,9,1.925,0.037
6,15,21,7,6,21,16,5,41.224,1.125,0.388,2.899,12,9,9,0.991,1,0.991,1,0,0,33.452,0.478,2.352,10,1.701,0.036
6,16,30,7,5.8,30,14,16,49.951,0.93,0.28,3.319,14,9,9,1,1,1,1,0,0,47.145,0.297,3.133,14,1.536,0.037
6,17,33,7,5.6,33,20,13,44.735,1.01,0.447,2.26,10,9,9,1,1,1,1,0,0,41.052,0.487,2.074,10,1.589,0.038
6,18,21,7,5.4,21,12,9,28.487,1.21,0.421,2.872,8,9,9,1,1,1,1,0,0,26.205,0.458,2.642,7,1.179,0.037
6,19,22,7,5.2,22,12,10,40.739,1,0.295,3.395,9,9,9,1,1,1,1,0,0,37.534,0.32,3.128,5,0.97,0.034
6,20,27,7,5,27,14,13,55.415,1.149,0.253,4.55,18,9,9,1,0.675,1,0.675,0,0,52.296,0.268,4.294,13,2.358,0.034
6,21,13,5,5,13,9,4,29.67,0.942,0.303,3.106,11,9,9,0.675,0.814,0.675,0.814,0,0,27.74,0.324,2.904,10,3.159,0.037
6,22,24,7,5,24,6,18,24.96,1.056,0.24,4.391,17,9,9,1,1,0.814,1,0,0,22.825,0.263,4.016,15,2.606,0.044
6,23,25,7,5,25,17,8,42.824,1.089,0.397,2.743,14,9,9,1,0.418,1,0.418,0,0,40.068,0.424,2.567,9,2.427,0.039
6,24,25,7,5,25,10,15,27.573,1.107,0.363,3.053,14,9,9,0.418,0.468,0.418,0.468,0,0,25.152,0.398,2.785,12,1.509,0.042
6,25,27,7,5,27,7,20,26.795,1.139,0.261,4.359,12,9,9,0.468,0.707,0.468,0.707,0,0,23.807,0.294,3.873,11,0.691,0.037
6,26,28,7,5,28,11,17,29.992,1.169,0.367,3.189,18,9,9,0.707,0.609,0.707,0.609,0,0,27.373,0.402,2.91,15,1.439,0.04
6,27,42,7,5,42,18,24,47.224,1.098,0.381,2.882,14,9,9,0.609,0.22,0.609,0.22,1,1,41.871,0.43,2.555,12,1.838,0.039
7,1,4,2,8.8,4,2,2,22.818,0.409,0.088,4.664,3,9,1,1,1,1,1,0,0,16.936,0.118,3.462,3,3.84,0.023
7,2,5,2,8.6,5,4,1,30.639,0.275,0.131,2.104,4,9,6,1,1,1,1,0,0,8.067,0.496,0.554,4,8.331,0.022
7,3,6,2,8.4,6,5,1,22.685,0.331,0.22,1.5,3,9,8,1,1,1,1,0,0,16.829,0.297,1.113,3,1.871,0.024
7,4,7,3,8.2,7,6,1,23.407,0.388,0.256,1.515,3,9,9,1,1,1,1,0,0,19.072,0.315,1.234,3,1.323,0.028
7,5,8,3,8,8,7,1,35.127,0.444,0.199,2.226,5,9,9,1,1,1,1,0,0,22.079,0.317,1.399,4,4.589,0.028
7,6,9,3,7.8,9,9,0,24.36,0.501,0.369,1.355,5,9,9,1,1,1,1,0,0,20.391,0.441,1.134,5,1.618,0.029
7,7,10,4,7.6,10,9,1,25.227,0.557,0.357,1.562,7,9,9,1,1,1,1,0,0,19.146,0.47,1.186,6,2.715,0.031
7,8,11,4,7.4,11,9,2,28.056,0.615,0.321,1.918,5,9,9,1,1,1,1,0,0,23.945,0.376,1.637,4,2.302,0.03
7,9,12,4,7.2,12,10,2,28.044,0.675,0.357,1.893,5,9,9,1,1,1,1,0,0,20.779,0.481,1.403,4,2.861,0.029
7,10,21,7,7,21,18,3,31.415,1.02,0.573,1.781,11,9,9,1,1,1,1,0,0,26.814,0.671,1.52,10,2.49,0.036
7,11,14,5,6.8,14,12,2,22.516,0.79,0.533,1.482,8,9,9,1,1,1,1,0,0,20.659,0.581,1.36,8,2.284,0.033
7,12,15,5,6.6,15,13,2,26.726,0.848,0.486,1.744,11,9,9,1,1,1,1,0,0,25.217,0.516,1.646,8,2.343,0.036
7,13,16,6,6.4,16,12,4,25.425,0.908,0.472,1.923,7,9,9,1,1,1,1,0,0,23.244,0.516,1.758,6,1.223,0.034
7,14,17,6,6.2,17,9,8,19.933,0.97,0.452,2.148,10,9,9,1,1,1,1,0,0,18.545,0.485,1.999,7,2.264,0.031
7,15,22,7,6,22,10,12,31.729,0.894,0.315,2.836,14,9,9,1,1,1,1,0,0,28.986,0.345,2.591,7,1.522,0.035
7,16,20,7,5.8,20,13,7,46.138,1.11,0.282,3.941,11,9,9,1,1,1,1,0,0,43.069,0.302,3.679,10,1.461,0.034
7,17,34,7,5.6,34,24,10,53.002,1.035,0.453,2.286,14,9,9,1,0.51,1,0.51,0,0,50.201,0.478,2.165,10,2.47,0.039
7,18,22,7,5.4,22,7,15,29.777,0.964,0.235,4.101,14,9,9,0.51,0.85,0.51,0.85,0,0,26.746,0.262,3.684,13,4.164,0.037
7,19,23,7,5.2,23,12,11,28.287,1.028,0.424,2.423,20,9,9,1,0.22,0.85,0.22,1,1,26.229,0.458,2.247,19,2.781,0.047
7,20,23,7,5,23,15,8,29.352,1.048,0.511,2.051,15,9,9,0.22,0.22,0.22,0.22,1,1,27.66,0.542,1.933,14,2.421,0.042
7,21,24,7,5,24,9,15,27.154,1.077,0.331,3.249,10,9,9,0.22,0.22,0.22,0.22,1,1,25.37,0.355,3.036,10,1.68,0.038
7,22,25,7,5,25,18,7,58.686,1.07,0.307,3.487,9,9,9,1,0.44,0.22,0.44,0,0,56.858,0.317,3.379,9,1.165,0.037
7,23,40,7,5,40,21,19,43.743,1.073,0.48,2.236,12,9,9,0.44,0.22,0.44,0.22,1,1,43.132,0.487,2.205,12,2.025,0.041
7,24,26,7,5,26,15,11,31.556,1.133,0.475,2.384,10,9,9,0.22,0.22,0.22,0.22,1,1,30.249,0.496,2.285,8,1.758,0.038
7,25,27,7,5,27,6,21,28.461,1.14,0.211,5.41,16,9,9,0.22,0.44,0.22,0.44,0,0,26.15,0.229,4.97,14,1.096,0.04
7,26,46,7,5,46,28,18,50.139,1.037,0.558,1.858,19,9,9,0.44,0.22,0.44,0.22,1,1,46.159,0.607,1.71,15,1.78,0.038
7,27,29,7,5,29,17,12,33.728,1.001,0.504,1.986,20,9,9,0.22,0.22,0.22,0.22,1,1,28.755,0.591,1.693,19,1.989,0.042
7,28,30,7,5,30,7,23,32.648,1.025,0.214,4.781,14,9,9,0.22,0.22,0.22,0.22,1,1,29.627,0.236,4.339,13,1.846,0.04
8,1,4,2,8.8,4,2,2,32.79,0.409,0.061,6.705,3,10,1,1,1,1,1,0,0,9.886,0.202,2.021,1,2.501,0.022
8,2,5,2,8.6,5,3,2,32.02,0.275,0.094,2.933,4,10,5,1,1,1,1,0,0,12.053,0.249,1.104,2,9.399,0.023
8,3,6,2,8.4,6,5,1,30.658,0.331,0.163,2.027,4,10,8,1,1,1,1,0,0,18.919,0.264,1.251,4,1.866,0.024
8,4,7,3,8.2,7,7,0,25.07,0.388,0.279,1.388,5,10,9,1,1,1,1,0,0,17.9,0.391,0.991,3,3.767,0.027
8,5,8,3,8,8,8,0,23.787,0.443,0.336,1.318,5,10,9,1,1,1,1,0,0,16.322,0.49,0.904,4,4.071,0.028
8,6,9,3,7.8,9,9,0,22.769,0.5,0.395,1.265,4,10,9,1,1,1,1,0,0,19.766,0.455,1.099,4,1.418,0.027
8,7,10,4,7.6,10,2,8,29.391,0.558,0.068,8.194,7,10,9,1,1,1,1,0,0,23.752,0.084,6.622,6,3.538,0.032
8,8,11,4,7.4,11,11,0,35.623,0.615,0.309,1.99,6,10,9,1,1,1,1,0,0,33.445,0.329,1.868,6,2.607,0.031
8,9,19,7,7.2,19,16,3,24.894,0.938,0.643,1.46,10,10,9,1,1,1,1,0,0,17.74,0.902,1.04,9,2.814,0.033
8,10,13,5,7,13,12,1,26.087,0.73,0.46,1.588,7,10,9,1,1,1,1,0,0,24.476,0.49,1.49,7,2.476,0.033
8,11,14,5,6.8,14,13,1,23.82,0.786,0.546,1.441,9,10,9,1,1,1,1,0,0,20.939,0.621,1.267,9,2.303,0.034
8,12,22,7,6.6,22,21,1,32.18,0.833,0.653,1.277,13,10,9,1,1,1,1,0,0,25.34,0.829,1.006,10,3.411,0.039
8,13,9,3,6.4,9,9,0,25.001,0.593,0.36,1.647,8,10,9,1,1,1,1,0,0,21.143,0.426,1.393,8,2.961,0.032
8,14,17,6,6.2,17,11,6,31.393,0.969,0.35,2.765,9,10,9,1,1,1,1,0,0,27.603,0.399,2.431,6,1.771,0.035
8,15,25,7,6,25,20,5,34.143,0.975,0.586,1.664,13,10,9,1,0.728,1,0.728,0,0,28.454,0.703,1.387,13,2.724,0.039
8,16,19,7,5.8,19,5,14,27.432,1.081,0.182,5.93,12,10,9,0.728,1,0.728,1,0,0,22.14,0.226,4.786,9,2.978,0.037
8,17,28,7,5.6,28,10,18,31.352,1.098,0.319,3.441,14,10,9,1,0.53,1,0.53,0,0,26.712,0.374,2.932,10,2.706,0.04
8,18,22,7,5.4,22,15,7,26.604,0.958,0.564,1.7,19,10,9,0.53,0.22,0.53,0.22,1,1,24.633,0.609,1.574,16,2.466,0.043
8,19,23,7,5.2,23,8,15,27.157,1.023,0.295,3.472,12,10,10,0.22,0.22,0.22,0.22,1,1,23.608,0.339,3.018,7,3.031,0.038
8,20,24,7,5,24,16,8,36.262,1.075,0.441,2.436,11,10,10,0.22,0.22,0.22,0.22,1,1,32.781,0.488,2.202,9,1.762,0.038
8,21,24,7,5,24,6,18,28.244,1.077,0.212,5.07,14,10,10,0.22,0.44,0.22,0.44,0,0,26.499,0.226,4.756,13,2.062,0.039
8,22,26,7,5,26,10,16,31.517,1.118,0.317,3.524,14,10,10,1,0.633,0.44,0.633,0,0,30.705,0.326,3.434,11,1.658,0.045
8,23,27,7,5,27,9,18,32.652,1.154,0.276,4.186,12,10,10,0.633,0.493,0.633,0.493,0,0,29.949,0.301,3.84,11,1.937,0.04
8,24,28,7,5,28,6,22,30.368,1.184,0.198,5.993,16,10,10,0.493,0.406,0.493,0.406,0,0,29.93,0.2,5.907,11,2.398,0.042
9,1,4,2,8.8,4,3,1,22.945,0.409,0.131,3.125,3,11,1,1,1,1,1,0,0,20.523,0.146,2.795,3,3.078,0.025
9,2,5,2,8.6,5,5,0,13.889,0.275,0.36,0.764,2,11,5,1,1,1,1,0,0,7.521,0.665,0.414,2,1.786,0.021
9,3,6,2,8.4,6,6,0,26.468,0.331,0.227,1.458,3,11,8,1,1,1,1,0,0,17.395,0.345,0.958,3,3.607,0.024
9,4,7,3,8.2,7,7,0,16.798,0.387,0.417,0.929,3,11,8,1,1,1,1,0,0,11.612,0.603,0.642,3,1.473,0.022
9,5,11,4,8,11,11,0,30.721,0.576,0.358,1.61,4,11,8,1,1,1,1,0,0,26.311,0.418,1.379,3,1.712,0.024
9,6,9,3,7.8,9,9,0,25.504,0.5,0.353,1.418,3,11,8,1,1,1,1,0,0,15.216,0.591,0.846,3,3.309,0.024
9,7,10,4,7.6,10,3,7,24.125,0.558,0.124,4.485,6,11,8,1,1,1,1,0,0,20.116,0.149,3.74,6,1.05,0.027
9,8,11,4,7.4,11,11,0,22.403,0.615,0.491,1.252,7,11,8,1,1,1,1,0,0,20.768,0.53,1.161,6,1.278,0.028
9,9,7,3,7.2,7,7,0,21.927,0.436,0.319,1.366,4,11,8,1,1,1,1,0,0,19.129,0.366,1.192,3,1.722,0.026
9,10,13,5,7,13,11,2,21.841,0.731,0.504,1.452,9,11,8,1,1,1,1,0,0,19.658,0.56,1.307,7,2.112,0.031
9,11,14,5,6.8,14,11,3,26.751,0.789,0.411,1.918,11,11,8,1,1,1,1,0,0,23.735,0.463,1.702,11,2.916,0.033
9,12,15,5,6.6,15,12,3,26.47,0.849,0.453,1.872,13,11,8,1,1,1,1,0,0,25.124,0.478,1.777,12,2.821,0.035
9,13,20,7,6.4,20,19,1,23.419,1.05,0.811,1.294,16,11,8,1,1,1,1,0,0,22.817,0.833,1.261,15,2.198,0.036
9,14,17,6,6.2,17,15,2,26.095,0.971,0.575,1.689,11,11,8,1,1,1,1,0,0,21.837,0.687,1.413,11,1.921,0.032
9,15,22,7,6,22,13,9,29.988,0.894,0.434,2.062,15,11,8,1,0.712,1,0.712,0,0,28.313,0.459,1.947,15,2.145,0.038
9,16,25,7,5.8,25,18,7,39.636,0.998,0.454,2.198,13,11,8,0.712,0.702,0.712,0.702,0,0,36.323,0.496,2.015,12,2.099,0.033
9,17,20,7,5.6,20,11,9,35.926,1.147,0.306,3.745,12,11,8,1,1,0.702,1,0,0,34.196,0.322,3.565,12,2.405,0.033
9,18,21,7,5.4,21,9,12,30.114,1.207,0.299,4.039,12,11,8,1,0.781,1,0.781,0,0,24.426,0.368,3.276,12,2.033,0.035
9,19,22,7,5.2,22,6,16,28.765,0.995,0.209,4.769,12,11,8,0.781,0.446,0.781,0.446,0,0,24.133,0.249,4.001,9,1.589,0.034
9,20,26,7,5,26,11,15,37.596,1.123,0.293,3.838,17,11,11,0.446,0.22,0.446,0.22,1,1,34.898,0.315,3.563,13,1.547,0.035
9,21,24,7,5,24,8,16,28.737,1.076,0.278,3.867,13,11,11,0.22,0.272,0.22,0.272,0,0,26.238,0.305,3.531,12,1.405,0.038
9,22,25,7,5,25,8,17,29.741,1.078,0.269,4.009,13,11,11,1,0.612,0.272,0.612,0,0,28.008,0.286,3.776,11,1.178,0.041
9,23,34,7,5,34,24,10,34.883,1.113,0.688,1.617,14,11,11,0.612,0.22,0.612,0.22,1,1,33.787,0.71,1.566,13,1.314,0.039
10,1,4,2,8.8,4,2,2,29.072,0.409,0.069,5.949,3,10,1,1,1,1,1,0,0,6.549,0.305,1.34,1,2.2,0.021
10,2,5,2,8.6,5,2,3,14.595,0.275,0.137,2.007,2,10,5,1,1,1,1,0,0,6.141,0.326,0.844,1,0.896,0.021
10,3,6,2,8.4,6,4,2,29.826,0.331,0.134,2.467,4,10,8,1,1,1,1,0,0,25.646,0.156,2.122,4,1.442,0.025
10,4,7,3,8.2,7,6,1,16.43,0.389,0.365,1.064,3,10,9,1,1,1,1,0,0,10.697,0.561,0.693,3,1.826,0.026
10,5,8,3,8,8,8,0,17.059,0.444,0.469,0.946,3,10,9,1,1,1,1,0,0,12.346,0.648,0.685,2,1.633,0.026
10,6,9,3,7.8,9,9,0,24.997,0.5,0.36,1.39,5,10,9,1,1,1,1,0,0,23.095,0.39,1.284,4,2.141,0.028
10,7,10,4,7.6,10,9,1,21.915,0.557,0.411,1.357,4,10,9,1,1,1,1,0,0,20.389,0.441,1.263,4,1.323,0.031
10,8,11,4,7.4,11,11,0,25.792,0.615,0.426,1.441,5,10,9,1,1,1,1,0,0,23.115,0.476,1.292,4,2.283,0.03
10,9,12,4,7.2,12,7,5,25.581,0.675,0.274,2.466,4,10,9,1,1,1,1,0,0,20.581,0.34,1.984,4,1.863,0.03
10,10,13,5,7,13,9,4,22.903,0.731,0.393,1.861,6,10,9,1,1,1,1,0,0,19.819,0.454,1.61,6,1.495,0.029
10,11,14,5,6.8,14,12,2,22.694,0.79,0.529,1.494,11,10,9,1,1,1,1,0,0,18.698,0.642,1.231,7,4.145,0.032
10,12,15,5,6.6,15,11,4,24.261,0.846,0.453,1.865,8,10,9,1,1,1,1,0,0,23.377,0.471,1.797,7,2.088,0.035
10,13,16,6,6.4,16,8,8,24.741,0.907,0.323,2.805,8,10,9,1,1,1,1,0,0,22.358,0.358,2.535,7,1.384,0.034
10,14,27,7,6.2,27,20,7,38.58,1.006,0.518,1.941,14,10,9,1,1,1,1,0,0,30.492,0.656,1.534,12,2.427,0.037
10,15,23,7,6,23,18,5,38.156,0.923,0.472,1.956,9,10,9,1,1,1,1,0,0,34.275,0.525,1.757,7,1.902,0.036
10,16,20,7,5.8,20,6,14,24.356,1.122,0.246,4.554,12,10,9,1,1,1,1,0,0,20.388,0.294,3.812,9,1.61,0.035
10,17,22,7,5.6,22,9,13,39.312,0.94,0.229,4.105,13,10,9,1,1,1,1,0,0,34.055,0.264,3.556,12,2.511,0.036
10,18,31,7,5.4,31,24,7,39.797,0.994,0.603,1.648,16,10,9,1,0.22,1,0.22,1,1,38.153,0.629,1.58,14,2.222,0.04
10,19,23,7,5.2,23,7,16,31.353,1.023,0.223,4.582,13,10,9,0.22,0.22,0.22,0.22,1,1,24.49,0.286,3.579,9,2.389,0.033
10,20,27,7,5,27,14,13,30.687,1.157,0.456,2.537,16,10,9,0.22,0.22,0.22,0.22,1,1,25.851,0.542,2.137,13,2.559,0.041
10,21,25,7,5,25,9,16,30.101,1.104,0.299,3.692,13,10,9,0.22,0.22,0.22,0.22,1,1,28.211,0.319,3.461,12,1.897,0.036
10,22,26,7,5,26,7,19,29.669,1.13,0.236,4.791,14,10,9,0.22,0.368,0.22,0.368,0,0,28.033,0.25,4.527,13,2.059,0.039
10,23,39,7,5,39,18,21,42.503,1.044,0.424,2.466,14,10,9,1,0.22,0.368,0.22,1,1,37.724,0.477,2.189,13,2.018,0.041
