run,turn,resource,kind,key,amount
1,1,DP,sink,DungeonFeatureManager.TryPlaceTrap,-150
1,1,DP,source,AdventurerAI.ReapEmotion,99
1,1,DP,source,AdventurerAI.TakeDamage,263
1,1,Material,source,AdventurerAI.TakeDamage,16
1,1,DP,sink,CommandSystem.TryUse,-300
1,1,DP,stock,end,112
1,1,Material,stock,end,16
1,1,Fame,stock,end,0
1,2,DP,source,SurfaceMap.CollectYields,18
1,2,Material,source,SurfaceMap.CollectYields,1
1,2,Fame,source,SurfaceMap.CollectYields,4
1,2,DP,source,EraSystem.TickTurn,600
1,2,Fame,source,EraSystem.TickTurn,25
1,2,DP,sink,DungeonFeatureManager.TryPlaceTrap,-600
1,2,DP,source,AdventurerAI.ReapEmotion,162
1,2,Fame,source,AdventurerAI.GrantReturnReward,30
1,2,Fame,source,LureEconomy.OnHeroEscaped,75
1,2,DP,source,AdventurerAI.GrantReturnReward,180
1,2,DP,sink,CommandSystem.TryUse,-300
1,2,DP,source,AdventurerAI.TakeDamage,124
1,2,Material,source,AdventurerAI.TakeDamage,10
1,2,DP,stock,end,296
1,2,Material,stock,end,27
1,2,Fame,stock,end,134
1,3,DP,source,SurfaceMap.CollectYields,18
1,3,Material,source,SurfaceMap.CollectYields,1
1,3,Fame,source,SurfaceMap.CollectYields,4
1,3,DP,source,EraSystem.TickTurn,600
1,3,Fame,source,EraSystem.TickTurn,25
1,3,DP,sink,DungeonFeatureManager.TryPlaceTrap,-300
1,3,DP,sink,DungeonFeatureManager.TryPlaceFeature,-250
1,3,DP,sink,DungeonFeatureManager.TryPlaceHabitat,-120
1,3,DP,sink,MinionRoster.TrySummon,-236
1,3,DP,source,AdventurerAI.ReapEmotion,182
1,3,Fame,source,AdventurerAI.GrantReturnReward,10
1,3,Fame,source,LureEconomy.OnHeroEscaped,25
1,3,DP,source,AdventurerAI.TakeDamage,306
1,3,Material,source,AdventurerAI.TakeDamage,12
1,3,DP,sink,CommandSystem.TryUse,-300
1,3,DP,stock,end,196
1,3,Material,stock,end,40
1,3,Fame,stock,end,198
1,4,DP,source,SurfaceMap.CollectYields,18
1,4,Material,source,SurfaceMap.CollectYields,1
1,4,Fame,source,SurfaceMap.CollectYields,4
1,4,DP,source,EraSystem.TickTurn,600
1,4,DP,sink,DungeonFeatureManager.TryPlaceFeature,-250
1,4,DP,sink,DungeonFeatureManager.TryPlaceHabitat,-280
1,4,DP,sink,MinionRoster.TrySummon,-279
1,4,DP,source,AdventurerAI.ReapEmotion,64
1,4,DP,source,AdventurerAI.TakeDamage,836
1,4,Material,source,AdventurerAI.TakeDamage,28
1,4,DP,sink,CommandSystem.TryUse,-1450
1,4,DP,source,Nemesis.OnSlain,940
1,4,Material,source,Nemesis.OnSlain,10
1,4,DP,stock,end,395
1,4,Material,stock,end,79
1,4,Fame,stock,end,202
1,5,DP,source,SurfaceMap.CollectYields,18
1,5,Material,source,SurfaceMap.CollectYields,1
1,5,Fame,source,SurfaceMap.CollectYields,4
1,5,DP,source,EraSystem.TickTurn,600
1,5,Material,source,EraSystem.TickTurn,10
1,5,DP,sink,MinionRoster.TrySummon,-1011
1,5,DP,source,AdventurerAI.ReapEmotion,188
1,5,DP,source,AdventurerAI.TakeDamage,783
1,5,Material,source,AdventurerAI.TakeDamage,30
1,5,DP,sink,CommandSystem.TryUse,-600
1,5,DP,source,Nemesis.OnSlain,486
1,5,Material,source,Nemesis.OnSlain,5
1,5,DP,stock,end,859
1,5,Material,stock,end,125
1,5,Fame,stock,end,206
1,6,DP,source,SurfaceMap.CollectYields,39
1,6,Material,source,SurfaceMap.CollectYields,2
1,6,Fame,source,SurfaceMap.CollectYields,9
1,6,DP,source,EraSystem.TickTurn,1020
1,6,DP,sink,MinionRoster.TrySummon,-1908
1,6,DP,source,AdventurerAI.ReapEmotion,120
1,6,DP,source,AdventurerAI.TakeDamage,492
1,6,Material,source,AdventurerAI.TakeDamage,14
1,6,Fame,source,AdventurerAI.GrantReturnReward,20
1,6,Fame,source,LureEconomy.OnHeroEscaped,50
1,6,DP,sink,CommandSystem.TryUse,-300
1,6,DP,stock,end,322
1,6,Material,stock,end,141
1,6,Fame,stock,end,285
1,7,DP,source,SurfaceMap.CollectYields,39
1,7,Material,source,SurfaceMap.CollectYields,2
1,7,Fame,source,SurfaceMap.CollectYields,9
1,7,DP,source,EraSystem.TickTurn,600
1,7,DP,sink,MinionRoster.TrySummon,-946
1,7,DP,source,AdventurerAI.ReapEmotion,203
1,7,Fame,source,AdventurerAI.GrantReturnReward,30
1,7,Fame,source,LureEconomy.OnHeroEscaped,75
1,7,DP,source,AdventurerAI.TakeDamage,428
1,7,Material,source,AdventurerAI.TakeDamage,14
1,7,DP,sink,CommandSystem.TryUse,-650
1,7,DP,source,AdventurerAI.GrantReturnReward,121
1,7,DP,stock,end,117
1,7,Material,stock,end,157
1,7,Fame,stock,end,399
1,8,DP,source,SurfaceMap.CollectYields,39
1,8,Material,source,SurfaceMap.CollectYields,2
1,8,Fame,source,SurfaceMap.CollectYields,9
1,8,DP,sink,MinionRoster.TrySummon,-131
1,8,DP,source,AdventurerAI.ReapEmotion,214
1,8,DP,source,AdventurerAI.TakeDamage,798
1,8,Material,source,AdventurerAI.TakeDamage,34
1,8,DP,sink,CommandSystem.TryUse,-950
1,8,Fame,source,AdventurerAI.GrantReturnReward,10
1,8,Fame,source,LureEconomy.OnHeroEscaped,25
1,8,DP,source,Nemesis.OnSlain,1102
1,8,Material,source,Nemesis.OnSlain,10
1,8,DP,stock,end,1189
1,8,Material,stock,end,203
1,8,Fame,stock,end,443
1,9,DP,source,SurfaceMap.CollectYields,69
1,9,Material,source,SurfaceMap.CollectYields,3
1,9,Fame,source,SurfaceMap.CollectYields,17
1,9,DP,source,EraSystem.TickTurn,1020
1,9,Fame,source,EraSystem.TickTurn,25
1,9,DP,sink,MinionRoster.TrySummon,-2269
1,9,DP,source,AdventurerAI.ReapEmotion,142
1,9,DP,source,AdventurerAI.TakeDamage,360
1,9,Material,source,AdventurerAI.TakeDamage,18
1,9,DP,sink,CommandSystem.TryUse,-300
1,9,Fame,source,AdventurerAI.GrantReturnReward,10
1,9,Fame,source,LureEconomy.OnHeroEscaped,25
1,9,DP,stock,end,211
1,9,Material,stock,end,224
1,9,Fame,stock,end,520
1,10,DP,source,SurfaceMap.CollectYields,79
1,10,Material,source,SurfaceMap.CollectYields,3
1,10,Fame,source,SurfaceMap.CollectYields,17
1,10,DP,sink,MinionRoster.TrySummon,-289
1,10,DP,source,AdventurerAI.ReapEmotion,135
1,10,DP,source,AdventurerAI.TakeDamage,818
1,10,Material,source,AdventurerAI.TakeDamage,30
1,10,DP,sink,CommandSystem.TryUse,-950
1,10,Fame,source,AdventurerAI.GrantReturnReward,10
1,10,Fame,source,LureEconomy.OnHeroEscaped,25
1,10,DP,source,Nemesis.OnSlain,1198
1,10,Material,source,Nemesis.OnSlain,10
1,10,DP,stock,end,1202
1,10,Material,stock,end,267
1,10,Fame,stock,end,572
1,11,DP,source,SurfaceMap.CollectYields,79
1,11,Material,source,SurfaceMap.CollectYields,3
1,11,Fame,source,SurfaceMap.CollectYields,17
1,11,DP,source,WaveRoster.ResolveTrial,900
1,11,DP,sink,MinionRoster.TrySummon,-2178
1,11,DP,source,AdventurerAI.ReapEmotion,218
1,11,DP,source,AdventurerAI.TakeDamage,834
1,11,Material,source,AdventurerAI.TakeDamage,28
1,11,DP,sink,CommandSystem.TryUse,-950
1,11,Fame,source,AdventurerAI.GrantReturnReward,20
1,11,Fame,source,LureEconomy.OnHeroEscaped,50
1,11,DP,source,Nemesis.OnSlain,1248
1,11,Material,source,Nemesis.OnSlain,10
1,11,DP,stock,end,1353
1,11,Material,stock,end,308
1,11,Fame,stock,end,659
1,12,DP,source,SurfaceMap.CollectYields,106
1,12,Material,source,SurfaceMap.CollectYields,4
1,12,Fame,source,SurfaceMap.CollectYields,22
1,12,DP,source,DistrictCatalog.Collect,112
1,12,DP,source,EraSystem.TickTurn,300
1,12,DP,sink,MinionRoster.TrySummon,-1861
1,12,DP,source,AdventurerAI.ReapEmotion,210
1,12,DP,source,AdventurerAI.TakeDamage,1629
1,12,Material,source,AdventurerAI.TakeDamage,54
1,12,DP,sink,CommandSystem.TryUse,-1450
1,12,DP,source,Nemesis.OnSlain,1896
1,12,Material,source,Nemesis.OnSlain,15
1,12,DP,stock,end,2295
1,12,Material,stock,end,381
1,12,Fame,stock,end,681
1,13,DP,source,SurfaceMap.CollectYields,80
1,13,Material,source,SurfaceMap.CollectYields,4
1,13,Fame,source,SurfaceMap.CollectYields,18
1,13,DP,source,DistrictCatalog.Collect,126
1,13,DP,source,EraSystem.TickTurn,300
1,13,DP,sink,MinionRoster.TrySummon,-2778
1,13,DP,source,AdventurerAI.ReapEmotion,219
1,13,DP,source,AdventurerAI.TakeDamage,813
1,13,Material,source,AdventurerAI.TakeDamage,33
1,13,DP,sink,CommandSystem.TryUse,-1300
1,13,DP,source,AdventurerAI.GrantReturnReward,266
1,13,Fame,source,AdventurerAI.GrantReturnReward,10
1,13,Fame,source,LureEconomy.OnHeroEscaped,25
1,13,DP,stock,end,21
1,13,Material,stock,end,418
1,13,Fame,stock,end,734
1,14,DP,source,SurfaceMap.CollectYields,80
1,14,Material,source,SurfaceMap.CollectYields,4
1,14,Fame,source,SurfaceMap.CollectYields,18
1,14,DP,source,DistrictCatalog.Collect,126
1,14,DP,sink,MinionRoster.TrySummon,-227
1,14,DP,source,AdventurerAI.ReapEmotion,234
1,14,DP,source,AdventurerAI.TakeDamage,1090
1,14,Material,source,AdventurerAI.TakeDamage,36
1,14,DP,sink,CommandSystem.TryUse,-1300
1,14,DP,source,AdventurerAI.GrantReturnReward,246
1,14,Fame,source,AdventurerAI.GrantReturnReward,10
1,14,Fame,source,LureEconomy.OnHeroEscaped,25
1,14,DP,stock,end,270
1,14,Material,stock,end,458
1,14,Fame,stock,end,787
1,15,DP,source,SurfaceMap.CollectYields,80
1,15,Material,source,SurfaceMap.CollectYields,4
1,15,Fame,source,SurfaceMap.CollectYields,18
1,15,DP,source,DistrictCatalog.Collect,126
1,15,DP,sink,MinionRoster.TrySummon,-461
1,15,DP,source,AdventurerAI.ReapEmotion,251
1,15,DP,source,AdventurerAI.TakeDamage,1905
1,15,Material,source,AdventurerAI.TakeDamage,57
1,15,DP,sink,CommandSystem.TryUse,-1450
1,15,DP,source,Nemesis.OnSlain,1393
1,15,Material,source,Nemesis.OnSlain,10
1,15,DP,stock,end,2114
1,15,Material,stock,end,529
1,15,Fame,stock,end,805
1,16,DP,source,SurfaceMap.CollectYields,103
1,16,Material,source,SurfaceMap.CollectYields,5
1,16,Fame,source,SurfaceMap.CollectYields,23
1,16,DP,source,DistrictCatalog.Collect,140
1,16,DP,source,WaveRoster.ResolveTrial,900
1,16,DP,sink,MinionRoster.TrySummon,-3240
1,16,DP,source,AdventurerAI.ReapEmotion,168
1,16,DP,source,AdventurerAI.GrantReturnReward,452
1,16,Fame,source,AdventurerAI.GrantReturnReward,50
1,16,Fame,source,LureEconomy.OnHeroEscaped,125
1,16,DP,source,AdventurerAI.TakeDamage,254
1,16,Material,source,AdventurerAI.TakeDamage,8
1,16,DP,sink,CommandSystem.TryUse,-650
1,16,DP,stock,end,241
1,16,Material,stock,end,542
1,16,Fame,stock,end,1003
1,17,DP,source,SurfaceMap.CollectYields,123
1,17,Material,source,SurfaceMap.CollectYields,6
1,17,Fame,source,SurfaceMap.CollectYields,27
1,17,DP,source,DistrictCatalog.Collect,140
1,17,DP,source,EraSystem.TickTurn,720
1,17,DP,sink,MinionRoster.TrySummon,-1198
1,17,DP,source,AdventurerAI.ReapEmotion,182
1,17,DP,source,AdventurerAI.TakeDamage,1227
1,17,Material,source,AdventurerAI.TakeDamage,33
1,17,DP,sink,CommandSystem.TryUse,-1800
1,17,DP,source,AdventurerAI.GrantReturnReward,364
1,17,Fame,source,AdventurerAI.GrantReturnReward,40
1,17,Fame,source,LureEconomy.OnHeroEscaped,100
1,17,DP,source,Nemesis.OnSlain,745
1,17,Material,source,Nemesis.OnSlain,5
1,17,DP,stock,end,744
1,17,Material,stock,end,586
1,17,Fame,stock,end,1170
1,18,DP,source,SurfaceMap.CollectYields,123
1,18,Material,source,SurfaceMap.CollectYields,6
1,18,Fame,source,SurfaceMap.CollectYields,27
1,18,DP,source,DistrictCatalog.Collect,140
1,18,DP,sink,MinionRoster.TrySummon,-978
1,18,DP,source,AdventurerAI.ReapEmotion,248
1,18,DP,source,AdventurerAI.TakeDamage,1367
1,18,Material,source,AdventurerAI.TakeDamage,36
1,18,DP,sink,CommandSystem.TryUse,-1800
1,18,Fame,source,AdventurerAI.GrantReturnReward,40
1,18,Fame,source,LureEconomy.OnHeroEscaped,100
1,18,DP,source,AdventurerAI.GrantReturnReward,409
1,18,DP,source,Nemesis.OnSlain,745
1,18,Material,source,Nemesis.OnSlain,5
1,18,DP,stock,end,998
1,18,Material,stock,end,633
1,18,Fame,stock,end,1337
1,19,DP,source,SurfaceMap.CollectYields,123
1,19,Material,source,SurfaceMap.CollectYields,6
1,19,Fame,source,SurfaceMap.CollectYields,27
1,19,DP,source,DistrictCatalog.Collect,168
1,19,DP,sink,MinionRoster.TrySummon,-1286
1,19,DP,source,AdventurerAI.ReapEmotion,256
1,19,DP,source,AdventurerAI.TakeDamage,2110
1,19,Material,source,AdventurerAI.TakeDamage,44
1,19,DP,sink,CommandSystem.TryUse,-1800
1,19,DP,source,AdventurerAI.GrantReturnReward,224
1,19,Fame,source,AdventurerAI.GrantReturnReward,10
1,19,Fame,source,LureEconomy.OnHeroEscaped,25
1,19,DP,source,Nemesis.OnSlain,778
1,19,Material,source,Nemesis.OnSlain,5
1,19,DP,stock,end,1571
1,19,Material,stock,end,688
1,19,Fame,stock,end,1399
1,20,DP,source,SurfaceMap.CollectYields,190
1,20,Material,source,SurfaceMap.CollectYields,7
1,20,Fame,source,SurfaceMap.CollectYields,39
1,20,DP,source,DistrictCatalog.Collect,168
1,20,DP,sink,MinionRoster.TrySummon,-1918
1,20,DP,source,AdventurerAI.ReapEmotion,203
1,20,DP,source,AdventurerAI.TakeDamage,2120
1,20,Material,source,AdventurerAI.TakeDamage,47
1,20,DP,sink,CommandSystem.TryUse,-1800
1,20,DP,source,AdventurerAI.GrantReturnReward,764
1,20,Fame,source,AdventurerAI.GrantReturnReward,30
1,20,Fame,source,LureEconomy.OnHeroEscaped,75
1,20,DP,source,Nemesis.OnSlain,2710
1,20,Material,source,Nemesis.OnSlain,17
1,20,DP,stock,end,4008
1,20,Material,stock,end,759
1,20,Fame,stock,end,1543
1,21,DP,source,SurfaceMap.CollectYields,190
1,21,Material,source,SurfaceMap.CollectYields,7
1,21,Fame,source,SurfaceMap.CollectYields,39
1,21,DP,source,DistrictCatalog.Collect,168
1,21,DP,source,WaveRoster.ResolveTrial,900
1,21,DP,sink,MinionRoster.TrySummon,-5246
1,21,DP,source,AdventurerAI.ReapEmotion,174
1,21,DP,source,AdventurerAI.TakeDamage,2497
1,21,Material,source,AdventurerAI.TakeDamage,58
1,21,DP,sink,CommandSystem.TryUse,-1450
1,21,DP,source,AdventurerAI.GrantReturnReward,140
1,21,Fame,source,AdventurerAI.GrantReturnReward,10
1,21,Fame,source,LureEconomy.OnHeroEscaped,25
1,21,DP,source,Nemesis.OnSlain,2446
1,21,Material,source,Nemesis.OnSlain,15
1,21,DP,stock,end,3827
1,21,Material,stock,end,839
1,21,Fame,stock,end,1617
1,22,DP,source,SurfaceMap.CollectYields,190
1,22,Material,source,SurfaceMap.CollectYields,7
1,22,Fame,source,SurfaceMap.CollectYields,39
1,22,DP,source,DistrictCatalog.Collect,182
1,22,DP,sink,MinionRoster.TrySummon,-4165
1,22,DP,source,AdventurerAI.ReapEmotion,285
1,22,DP,sink,CommandSystem.TryUse,-1800
1,22,Fame,source,AdventurerAI.GrantReturnReward,40
1,22,Fame,source,LureEconomy.OnHeroEscaped,100
1,22,DP,source,Nemesis.OnSlain,1652
1,22,Material,source,Nemesis.OnSlain,10
1,22,DP,source,AdventurerAI.TakeDamage,964
1,22,Material,source,AdventurerAI.TakeDamage,20
1,22,DP,source,AdventurerAI.GrantReturnReward,239
1,22,DP,stock,end,1374
1,22,Material,stock,end,876
1,22,Fame,stock,end,1796
1,23,DP,source,SurfaceMap.CollectYields,220
1,23,Material,source,SurfaceMap.CollectYields,8
1,23,Fame,source,SurfaceMap.CollectYields,45
1,23,DP,source,DistrictCatalog.Collect,154
1,23,DP,sink,MinionRoster.TrySummon,-1720
1,23,DP,source,AdventurerAI.ReapEmotion,277
1,23,DP,source,AdventurerAI.TakeDamage,1611
1,23,Material,source,AdventurerAI.TakeDamage,38
1,23,DP,sink,CommandSystem.TryUse,-2250
1,23,DP,source,AdventurerAI.GrantReturnReward,733
1,23,Fame,source,AdventurerAI.GrantReturnReward,100
1,23,Fame,source,LureEconomy.OnHeroEscaped,250
1,23,DP,source,Nemesis.OnSlain,842
1,23,Material,source,Nemesis.OnSlain,5
1,23,DP,stock,end,1241
1,23,Material,stock,end,927
1,23,Fame,stock,end,2191
1,24,DP,source,SurfaceMap.CollectYields,167
1,24,Material,source,SurfaceMap.CollectYields,8
1,24,Fame,source,SurfaceMap.CollectYields,37
1,24,DP,source,DistrictCatalog.Collect,154
1,24,DP,sink,MinionRoster.TrySummon,-1562
1,24,DP,source,AdventurerAI.ReapEmotion,297
1,24,DP,source,AdventurerAI.TakeDamage,2539
1,24,Material,source,AdventurerAI.TakeDamage,53
1,24,DP,sink,CommandSystem.TryUse,-1800
1,24,DP,source,AdventurerAI.GrantReturnReward,1605
1,24,Fame,source,AdventurerAI.GrantReturnReward,100
1,24,Fame,source,LureEconomy.OnHeroEscaped,250
1,24,DP,source,Nemesis.OnSlain,1718
1,24,Material,source,Nemesis.OnSlain,10
1,24,DP,stock,end,4359
1,24,Material,stock,end,998
1,24,Fame,stock,end,2578
1,25,DP,source,SurfaceMap.CollectYields,167
1,25,Material,source,SurfaceMap.CollectYields,8
1,25,Fame,source,SurfaceMap.CollectYields,37
1,25,DP,source,DistrictCatalog.Collect,28
1,25,DP,source,EraSystem.TickTurn,3840
1,25,DP,sink,MinionRoster.TrySummon,-8384
1,25,DP,source,AdventurerAI.ReapEmotion,202
1,25,DP,source,AdventurerAI.TakeDamage,2914
1,25,Material,source,AdventurerAI.TakeDamage,47
1,25,DP,sink,CommandSystem.TryUse,-2250
1,25,DP,source,AdventurerAI.GrantReturnReward,1391
1,25,Fame,source,AdventurerAI.GrantReturnReward,130
1,25,Fame,source,LureEconomy.OnHeroEscaped,325
1,25,DP,source,Nemesis.OnSlain,1782
1,25,Material,source,Nemesis.OnSlain,10
1,25,DP,stock,end,4049
1,25,Material,stock,end,1063
1,25,Fame,stock,end,3070
1,26,DP,source,SurfaceMap.CollectYields,165
1,26,Material,source,SurfaceMap.CollectYields,8
1,26,Fame,source,SurfaceMap.CollectYields,37
1,26,DP,source,DistrictCatalog.Collect,28
1,26,DP,source,EraSystem.TickTurn,6528
1,26,DP,source,WaveRoster.ResolveTrial,1500
1,26,DP,sink,MinionRoster.TrySummon,-12245
1,26,DP,source,AdventurerAI.ReapEmotion,187
1,26,Fame,source,AdventurerAI.GrantReturnReward,150
1,26,Fame,source,LureEconomy.OnHeroEscaped,375
1,26,DP,source,AdventurerAI.TakeDamage,4218
1,26,Material,source,AdventurerAI.TakeDamage,51
1,26,DP,sink,CommandSystem.TryUse,-2250
1,26,DP,source,AdventurerAI.GrantReturnReward,1006
1,26,DP,source,Nemesis.OnSlain,1814
1,26,Material,source,Nemesis.OnSlain,10
1,26,DP,stock,end,5000
1,26,Material,stock,end,1132
1,26,Fame,stock,end,3632
1,27,DP,source,SurfaceMap.CollectYields,165
1,27,Material,source,SurfaceMap.CollectYields,8
1,27,Fame,source,SurfaceMap.CollectYields,37
1,27,DP,source,DistrictCatalog.Collect,28
1,27,DP,source,EraSystem.TickTurn,6528
1,27,DP,sink,MinionRoster.TrySummon,-11706
1,27,DP,source,AdventurerAI.ReapEmotion,197
1,27,DP,source,AdventurerAI.TakeDamage,7068
1,27,Material,source,AdventurerAI.TakeDamage,75
1,27,DP,sink,CommandSystem.TryUse,-3200
1,27,DP,source,AdventurerAI.GrantReturnReward,1238
1,27,Fame,source,AdventurerAI.GrantReturnReward,120
1,27,Fame,source,LureEconomy.OnHeroEscaped,300
1,27,DP,stock,end,5318
1,27,Material,stock,end,1215
1,27,Fame,stock,end,4089
1,28,DP,source,SurfaceMap.CollectYields,165
1,28,Material,source,SurfaceMap.CollectYields,9
1,28,Fame,source,SurfaceMap.CollectYields,37
1,28,DP,source,DistrictCatalog.Collect,28
1,28,DP,source,EraSystem.TickTurn,3840
1,28,Material,source,EraSystem.TickTurn,37
1,28,Fame,source,EraSystem.TickTurn,80
1,28,DP,sink,MinionRoster.TrySummon,-9314
1,28,DP,source,AdventurerAI.ReapEmotion,184
1,28,DP,source,AdventurerAI.TakeDamage,11582
1,28,Material,source,AdventurerAI.TakeDamage,98
1,28,DP,sink,CommandSystem.TryUse,-2250
1,28,DP,source,AdventurerAI.GrantReturnReward,1077
1,28,Fame,source,AdventurerAI.GrantReturnReward,110
1,28,Fame,source,LureEconomy.OnHeroEscaped,275
1,28,DP,source,Nemesis.OnSlain,2868
1,28,Material,source,Nemesis.OnSlain,18
1,28,DP,stock,end,13498
1,28,Material,stock,end,1377
1,28,Fame,stock,end,4591
1,29,DP,source,SurfaceMap.CollectYields,165
1,29,Material,source,SurfaceMap.CollectYields,9
1,29,Fame,source,SurfaceMap.CollectYields,37
1,29,DP,source,DistrictCatalog.Collect,28
1,29,DP,source,EraSystem.TickTurn,6528
1,29,Fame,source,EraSystem.TickTurn,192
1,29,DP,sink,MinionRoster.TrySummon,-20177
1,29,DP,source,AdventurerAI.ReapEmotion,215
1,29,DP,source,AdventurerAI.GrantReturnReward,2695
1,29,Fame,source,AdventurerAI.GrantReturnReward,200
1,29,Fame,source,LureEconomy.OnHeroEscaped,500
1,29,DP,sink,CommandSystem.TryUse,-3200
1,29,DP,source,AdventurerAI.TakeDamage,9311
1,29,Material,source,AdventurerAI.TakeDamage,66
1,29,DP,source,Nemesis.OnSlain,3420
1,29,Material,source,Nemesis.OnSlain,20
1,29,DP,stock,end,12483
1,29,Material,stock,end,1472
1,29,Fame,stock,end,5520
2,1,DP,sink,DungeonFeatureManager.TryPlaceTrap,-150
2,1,DP,source,AdventurerAI.ReapEmotion,251
2,1,DP,sink,CommandSystem.TryUse,-300
2,1,DP,source,AdventurerAI.TakeDamage,111
2,1,Material,source,AdventurerAI.TakeDamage,4
2,1,DP,source,AdventurerAI.GrantReturnReward,451
2,1,Fame,source,AdventurerAI.GrantReturnReward,30
2,1,Fame,source,LureEconomy.OnHeroEscaped,75
2,1,DP,stock,end,563
2,1,Material,stock,end,4
2,1,Fame,stock,end,105
2,2,DP,source,SurfaceMap.CollectYields,18
2,2,Material,source,SurfaceMap.CollectYields,1
2,2,Fame,source,SurfaceMap.CollectYields,4
2,2,DP,source,EraSystem.TickTurn,600
2,2,Fame,source,EraSystem.TickTurn,25
2,2,DP,sink,DungeonFeatureManager.TryPlaceTrap,-1050
2,2,DP,source,AdventurerAI.ReapEmotion,218
2,2,DP,source,AdventurerAI.TakeDamage,296
2,2,Material,source,AdventurerAI.TakeDamage,18
2,2,DP,sink,CommandSystem.TryUse,-650
2,2,DP,source,AdventurerAI.GrantReturnReward,284
2,2,Fame,source,AdventurerAI.GrantReturnReward,10
2,2,Fame,source,LureEconomy.OnHeroEscaped,25
2,2,DP,stock,end,279
2,2,Material,stock,end,23
2,2,Fame,stock,end,169
2,3,DP,source,SurfaceMap.CollectYields,18
2,3,Material,source,SurfaceMap.CollectYields,1
2,3,Fame,source,SurfaceMap.CollectYields,4
2,3,DP,source,EraSystem.TickTurn,600
2,3,Fame,source,EraSystem.TickTurn,25
2,3,DP,sink,DungeonFeatureManager.TryPlaceFeature,-250
2,3,DP,sink,DungeonFeatureManager.TryPlaceHabitat,-180
2,3,DP,sink,MinionRoster.TrySummon,-455
2,3,DP,source,AdventurerAI.ReapEmotion,118
2,3,DP,source,AdventurerAI.TakeDamage,382
2,3,Material,source,AdventurerAI.TakeDamage,18
2,3,DP,sink,CommandSystem.TryUse,-300
2,3,DP,stock,end,212
2,3,Material,stock,end,42
2,3,Fame,stock,end,198
2,4,DP,source,SurfaceMap.CollectYields,18
2,4,Material,source,SurfaceMap.CollectYields,1
2,4,Fame,source,SurfaceMap.CollectYields,4
2,4,DP,source,EraSystem.TickTurn,600
2,4,DP,sink,MinionRoster.TrySummon,-810
2,4,DP,source,AdventurerAI.ReapEmotion,187
2,4,DP,source,AdventurerAI.TakeDamage,484
2,4,Material,source,AdventurerAI.TakeDamage,40
2,4,DP,sink,CommandSystem.TryUse,-650
2,4,DP,stock,end,41
2,4,Material,stock,end,83
2,4,Fame,stock,end,202
2,5,DP,source,SurfaceMap.CollectYields,18
2,5,Material,source,SurfaceMap.CollectYields,1
2,5,Fame,source,SurfaceMap.CollectYields,4
2,5,DP,source,EraSystem.TickTurn,600
2,5,Material,source,EraSystem.TickTurn,10
2,5,DP,sink,DungeonFeatureManager.TryPlaceFeature,-250
2,5,DP,sink,DungeonFeatureManager.TryPlaceHabitat,-340
2,5,DP,sink,MinionRoster.TrySummon,-69
2,5,DP,source,AdventurerAI.TakeDamage,592
2,5,Material,source,AdventurerAI.TakeDamage,16
2,5,DP,source,AdventurerAI.ReapEmotion,52
2,5,DP,sink,CommandSystem.TryUse,-600
2,5,DP,stock,end,44
2,5,Material,stock,end,110
2,5,Fame,stock,end,206
2,6,DP,source,SurfaceMap.CollectYields,39
2,6,Material,source,SurfaceMap.CollectYields,2
2,6,Fame,source,SurfaceMap.CollectYields,9
2,6,DP,source,EraSystem.TickTurn,1020
2,6,DP,sink,DungeonFeatureManager.TryPlaceFeature,-250
2,6,DP,sink,MinionRoster.TrySummon,-838
2,6,DP,source,AdventurerAI.ReapEmotion,128
2,6,Fame,source,AdventurerAI.GrantReturnReward,10
2,6,Fame,source,LureEconomy.OnHeroEscaped,25
2,6,DP,source,AdventurerAI.TakeDamage,1050
2,6,Material,source,AdventurerAI.TakeDamage,30
2,6,DP,sink,CommandSystem.TryUse,-950
2,6,DP,stock,end,243
2,6,Material,stock,end,142
2,6,Fame,stock,end,250
2,7,DP,source,SurfaceMap.CollectYields,39
2,7,Material,source,SurfaceMap.CollectYields,2
2,7,Fame,source,SurfaceMap.CollectYields,9
2,7,DP,source,EraSystem.TickTurn,600
2,7,DP,sink,MinionRoster.TrySummon,-862
2,7,DP,source,AdventurerAI.ReapEmotion,119
2,7,DP,source,AdventurerAI.TakeDamage,654
2,7,Material,source,AdventurerAI.TakeDamage,22
2,7,DP,sink,CommandSystem.TryUse,-600
2,7,Fame,source,AdventurerAI.GrantReturnReward,10
2,7,Fame,source,LureEconomy.OnHeroEscaped,25
2,7,DP,stock,end,193
2,7,Material,stock,end,166
2,7,Fame,stock,end,294
2,8,DP,source,SurfaceMap.CollectYields,39
2,8,Material,source,SurfaceMap.CollectYields,2
2,8,Fame,source,SurfaceMap.CollectYields,9
2,8,DP,source,EraSystem.TickTurn,300
2,8,DP,sink,MinionRoster.TrySummon,-532
2,8,DP,source,AdventurerAI.ReapEmotion,127
2,8,DP,source,AdventurerAI.TakeDamage,698
2,8,Material,source,AdventurerAI.TakeDamage,31
2,8,DP,sink,CommandSystem.TryUse,-950
2,8,Fame,source,AdventurerAI.GrantReturnReward,20
2,8,Fame,source,LureEconomy.OnHeroEscaped,50
2,8,DP,source,Nemesis.OnSlain,535
2,8,Material,source,Nemesis.OnSlain,5
2,8,DP,stock,end,410
2,8,Material,stock,end,204
2,8,Fame,stock,end,373
2,9,DP,source,SurfaceMap.CollectYields,69
2,9,Material,source,SurfaceMap.CollectYields,3
2,9,Fame,source,SurfaceMap.CollectYields,17
2,9,DP,source,EraSystem.TickTurn,1020
2,9,Fame,source,EraSystem.TickTurn,25
2,9,DP,sink,MinionRoster.TrySummon,-1489
2,9,DP,source,AdventurerAI.ReapEmotion,67
2,9,Fame,source,AdventurerAI.GrantReturnReward,10
2,9,Fame,source,LureEconomy.OnHeroEscaped,25
2,9,DP,source,AdventurerAI.TakeDamage,836
2,9,Material,source,AdventurerAI.TakeDamage,28
2,9,DP,sink,CommandSystem.TryUse,-300
2,9,DP,source,Nemesis.OnSlain,1134
2,9,Material,source,Nemesis.OnSlain,10
2,9,DP,stock,end,1747
2,9,Material,stock,end,245
2,9,Fame,stock,end,450
2,10,DP,source,SurfaceMap.CollectYields,52
2,10,Material,source,SurfaceMap.CollectYields,2
2,10,Fame,source,SurfaceMap.CollectYields,11
2,10,DP,sink,MinionRoster.TrySummon,-1799
2,10,DP,source,AdventurerAI.ReapEmotion,147
2,10,DP,source,AdventurerAI.TakeDamage,917
2,10,Material,source,AdventurerAI.TakeDamage,29
2,10,DP,sink,CommandSystem.TryUse,-1450
2,10,DP,source,Nemesis.OnSlain,583
2,10,Material,source,Nemesis.OnSlain,5
2,10,DP,stock,end,197
2,10,Material,stock,end,281
2,10,Fame,stock,end,461
2,11,DP,source,SurfaceMap.CollectYields,52
2,11,Material,source,SurfaceMap.CollectYields,2
2,11,Fame,source,SurfaceMap.CollectYields,11
2,11,DP,source,WaveRoster.ResolveTrial,900
2,11,DP,sink,MinionRoster.TrySummon,-1147
2,11,DP,source,AdventurerAI.ReapEmotion,152
2,11,DP,source,AdventurerAI.TakeDamage,906
2,11,Material,source,AdventurerAI.TakeDamage,33
2,11,DP,sink,CommandSystem.TryUse,-1300
2,11,DP,source,AdventurerAI.GrantReturnReward,307
2,11,Fame,source,AdventurerAI.GrantReturnReward,10
2,11,Fame,source,LureEconomy.OnHeroEscaped,25
2,11,DP,stock,end,67
2,11,Material,stock,end,316
2,11,Fame,stock,end,507
2,12,DP,source,SurfaceMap.CollectYields,78
2,12,Material,source,SurfaceMap.CollectYields,3
2,12,Fame,source,SurfaceMap.CollectYields,16
2,12,DP,source,DistrictCatalog.Collect,112
2,12,DP,sink,MinionRoster.TrySummon,-249
2,12,DP,source,AdventurerAI.ReapEmotion,243
2,12,DP,source,AdventurerAI.GrantReturnReward,461
2,12,Fame,source,AdventurerAI.GrantReturnReward,20
2,12,Fame,source,LureEconomy.OnHeroEscaped,50
2,12,DP,source,AdventurerAI.TakeDamage,1514
2,12,Material,source,AdventurerAI.TakeDamage,42
2,12,DP,sink,CommandSystem.TryUse,-1800
2,12,DP,stock,end,426
2,12,Material,stock,end,361
2,12,Fame,stock,end,593
2,13,DP,source,SurfaceMap.CollectYields,80
2,13,Material,source,SurfaceMap.CollectYields,4
2,13,Fame,source,SurfaceMap.CollectYields,18
2,13,DP,source,DistrictCatalog.Collect,126
2,13,DP,sink,MinionRoster.TrySummon,-623
2,13,DP,source,AdventurerAI.ReapEmotion,138
2,13,DP,source,AdventurerAI.TakeDamage,951
2,13,Material,source,AdventurerAI.TakeDamage,36
2,13,DP,sink,CommandSystem.TryUse,-1800
2,13,DP,source,AdventurerAI.GrantReturnReward,244
2,13,Fame,source,AdventurerAI.GrantReturnReward,20
2,13,Fame,source,LureEconomy.OnHeroEscaped,50
2,13,DP,source,Nemesis.OnSlain,1296
2,13,Material,source,Nemesis.OnSlain,10
2,13,DP,stock,end,838
2,13,Material,stock,end,411
2,13,Fame,stock,end,681
2,14,DP,source,SurfaceMap.CollectYields,100
2,14,Material,source,SurfaceMap.CollectYields,5
2,14,Fame,source,SurfaceMap.CollectYields,22
2,14,DP,source,DistrictCatalog.Collect,126
2,14,DP,sink,MinionRoster.TrySummon,-1058
2,14,DP,source,AdventurerAI.ReapEmotion,68
2,14,DP,source,AdventurerAI.TakeDamage,1295
2,14,Material,source,AdventurerAI.TakeDamage,46
2,14,DP,sink,CommandSystem.TryUse,-950
2,14,DP,source,Nemesis.OnSlain,1328
2,14,Material,source,Nemesis.OnSlain,10
2,14,DP,stock,end,1747
2,14,Material,stock,end,472
2,14,Fame,stock,end,703
2,15,DP,source,SurfaceMap.CollectYields,100
2,15,Material,source,SurfaceMap.CollectYields,5
2,15,Fame,source,SurfaceMap.CollectYields,22
2,15,DP,source,DistrictCatalog.Collect,126
2,15,DP,sink,MinionRoster.TrySummon,-1952
2,15,DP,source,AdventurerAI.ReapEmotion,350
2,15,DP,sink,CommandSystem.TryUse,-1800
2,15,DP,source,AdventurerAI.TakeDamage,1754
2,15,Material,source,AdventurerAI.TakeDamage,57
2,15,DP,source,AdventurerAI.GrantReturnReward,142
2,15,Fame,source,AdventurerAI.GrantReturnReward,30
2,15,Fame,source,LureEconomy.OnHeroEscaped,75
2,15,DP,source,Nemesis.OnSlain,1360
2,15,Material,source,Nemesis.OnSlain,10
2,15,DP,stock,end,1827
2,15,Material,stock,end,544
2,15,Fame,stock,end,830
2,16,DP,source,SurfaceMap.CollectYields,100
2,16,Material,source,SurfaceMap.CollectYields,5
2,16,Fame,source,SurfaceMap.CollectYields,22
2,16,DP,source,DistrictCatalog.Collect,140
2,16,DP,source,EraSystem.TickTurn,600
2,16,DP,source,WaveRoster.ResolveTrial,1200
2,16,DP,sink,MinionRoster.TrySummon,-3857
2,16,DP,source,AdventurerAI.ReapEmotion,77
2,16,DP,source,AdventurerAI.TakeDamage,1359
2,16,Material,source,AdventurerAI.TakeDamage,42
2,16,DP,sink,CommandSystem.TryUse,-950
2,16,DP,stock,end,496
2,16,Material,stock,end,591
2,16,Fame,stock,end,852
2,17,DP,source,SurfaceMap.CollectYields,121
2,17,Material,source,SurfaceMap.CollectYields,6
2,17,Fame,source,SurfaceMap.CollectYields,27
2,17,DP,source,DistrictCatalog.Collect,140
2,17,DP,source,EraSystem.TickTurn,720
2,17,DP,sink,MinionRoster.TrySummon,-1441
2,17,DP,source,AdventurerAI.ReapEmotion,171
2,17,DP,source,AdventurerAI.TakeDamage,1542
2,17,Material,source,AdventurerAI.TakeDamage,49
2,17,DP,sink,CommandSystem.TryUse,-1800
2,17,DP,source,Nemesis.OnSlain,1426
2,17,Material,source,Nemesis.OnSlain,10
2,17,DP,stock,end,1375
2,17,Material,stock,end,656
2,17,Fame,stock,end,879
2,18,DP,source,SurfaceMap.CollectYields,121
2,18,Material,source,SurfaceMap.CollectYields,6
2,18,Fame,source,SurfaceMap.CollectYields,27
2,18,DP,source,DistrictCatalog.Collect,140
2,18,DP,sink,MinionRoster.TrySummon,-1605
2,18,DP,source,AdventurerAI.ReapEmotion,151
2,18,DP,source,AdventurerAI.TakeDamage,460
2,18,Material,source,AdventurerAI.TakeDamage,16
2,18,DP,source,AdventurerAI.GrantReturnReward,1152
2,18,Fame,source,AdventurerAI.GrantReturnReward,100
2,18,Fame,source,LureEconomy.OnHeroEscaped,250
2,18,DP,sink,CommandSystem.TryUse,-1150
2,18,DP,stock,end,644
2,18,Material,stock,end,678
2,18,Fame,stock,end,1256
2,19,DP,source,SurfaceMap.CollectYields,142
2,19,Material,source,SurfaceMap.CollectYields,7
2,19,Fame,source,SurfaceMap.CollectYields,32
2,19,DP,source,DistrictCatalog.Collect,140
2,19,DP,sink,MinionRoster.TrySummon,-904
2,19,DP,source,AdventurerAI.ReapEmotion,685
2,19,DP,source,AdventurerAI.TakeDamage,1708
2,19,Material,source,AdventurerAI.TakeDamage,44
2,19,DP,sink,CommandSystem.TryUse,-2300
2,19,DP,source,AdventurerAI.GrantReturnReward,551
2,19,Fame,source,AdventurerAI.GrantReturnReward,40
2,19,Fame,source,LureEconomy.OnHeroEscaped,100
2,19,DP,stock,end,666
2,19,Material,stock,end,729
2,19,Fame,stock,end,1428
2,20,DP,source,SurfaceMap.CollectYields,101
2,20,Material,source,SurfaceMap.CollectYields,5
2,20,Fame,source,SurfaceMap.CollectYields,23
2,20,DP,source,DistrictCatalog.Collect,140
2,20,DP,sink,MinionRoster.TrySummon,-899
2,20,DP,source,AdventurerAI.ReapEmotion,196
2,20,DP,source,AdventurerAI.GrantReturnReward,1824
2,20,Fame,source,AdventurerAI.GrantReturnReward,110
2,20,Fame,source,LureEconomy.OnHeroEscaped,275
2,20,DP,sink,CommandSystem.TryUse,-2250
2,20,DP,source,AdventurerAI.TakeDamage,1076
2,20,Material,source,AdventurerAI.TakeDamage,20
2,20,DP,stock,end,854
2,20,Material,stock,end,754
2,20,Fame,stock,end,1836
2,21,DP,source,SurfaceMap.CollectYields,101
2,21,Material,source,SurfaceMap.CollectYields,5
2,21,Fame,source,SurfaceMap.CollectYields,23
2,21,DP,source,DistrictCatalog.Collect,182
2,21,DP,source,WaveRoster.ResolveTrial,900
2,21,DP,sink,MinionRoster.TrySummon,-2007
2,21,DP,source,AdventurerAI.ReapEmotion,167
2,21,DP,source,AdventurerAI.TakeDamage,1935
2,21,Material,source,AdventurerAI.TakeDamage,35
2,21,DP,sink,CommandSystem.TryUse,-2300
2,21,DP,source,AdventurerAI.GrantReturnReward,1263
2,21,Fame,source,AdventurerAI.GrantReturnReward,90
2,21,Fame,source,LureEconomy.OnHeroEscaped,225
2,21,DP,source,Nemesis.OnSlain,1620
2,21,Material,source,Nemesis.OnSlain,10
2,21,DP,stock,end,2715
2,21,Material,stock,end,804
2,21,Fame,stock,end,2174
2,22,DP,source,SurfaceMap.CollectYields,192
2,22,Material,source,SurfaceMap.CollectYields,7
2,22,Fame,source,SurfaceMap.CollectYields,39
2,22,DP,source,DistrictCatalog.Collect,182
2,22,DP,sink,MinionRoster.TrySummon,-3087
2,22,DP,source,AdventurerAI.ReapEmotion,531
2,22,DP,sink,CommandSystem.TryUse,-1600
2,22,DP,source,AdventurerAI.GrantReturnReward,2159
2,22,Fame,source,AdventurerAI.GrantReturnReward,200
2,22,Fame,source,LureEconomy.OnHeroEscaped,500
2,22,DP,stock,end,1092
2,22,Material,stock,end,811
2,22,Fame,stock,end,2913
2,23,DP,source,SurfaceMap.CollectYields,192
2,23,Material,source,SurfaceMap.CollectYields,7
2,23,Fame,source,SurfaceMap.CollectYields,39
2,23,DP,source,DistrictCatalog.Collect,182
2,23,DP,sink,MinionRoster.TrySummon,-1433
2,23,DP,source,AdventurerAI.ReapEmotion,210
2,23,Fame,source,AdventurerAI.GrantReturnReward,190
2,23,Fame,source,LureEconomy.OnHeroEscaped,475
2,23,DP,source,AdventurerAI.GrantReturnReward,1083
2,23,DP,sink,CommandSystem.TryUse,-3200
2,23,DP,source,AdventurerAI.TakeDamage,5561
2,23,Material,source,AdventurerAI.TakeDamage,51
2,23,DP,source,Nemesis.OnSlain,2913
2,23,Material,source,Nemesis.OnSlain,17
2,23,DP,stock,end,6600
2,23,Material,stock,end,886
2,23,Fame,stock,end,3617
