run,turn,era,era_progress,dp,materials,rp,fame,researched,floors,placed,cap,minions,owned_tiles,met_dominion,met_dread,met_economy,met_innovation,rite
1,1,0,0,1149,2,1,105,0,1,1,14,1,11,0,0,0,0,
1,2,0,17,697,15,2,134,3,1,9,14,5,11,0,0,0,0,
1,3,0,34,440,34,5,163,6,1,9,14,13,11,0,0,0,0,
1,4,0,51,556,55,3,167,9,1,12,14,17,11,0,0,0,0,
1,5,0,68,643,84,5,171,14,1,12,14,24,11,0,0,0,0,
1,6,0,83,729,108,5,179,19,1,12,14,34,11,0,0,0,0,
1,7,0,88,840,144,5,187,21,1,12,14,42,11,0,0,0,0,
1,8,0,93,919,180,3,195,22,1,12,14,47,11,0,0,0,0,
1,9,0,98,2606,222,5,265,25,1,12,14,57,11,0,0,0,0,
1,10,0,103,1531,265,6,316,26,1,12,14,70,11,0,0,0,0,
1,11,0,108,1986,328,9,332,26,1,12,14,77,11,0,0,0,0,
1,12,0,113,2213,384,7,383,27,1,12,14,87,11,0,0,0,0,
1,13,0,118,1467,439,3,396,28,1,12,14,97,11,0,0,0,0,
1,14,0,123,1738,510,6,444,28,1,12,14,104,11,0,0,0,0,
1,15,0,128,3095,598,4,567,29,1,12,14,112,12,0,0,0,0,
1,16,0,133,2006,663,8,585,29,1,12,14,126,12,0,0,0,0,
1,17,0,138,2239,734,8,638,31,1,12,14,137,12,0,0,0,0,
1,18,0,143,3393,799,5,726,32,1,12,14,146,13,0,0,0,0,
1,19,0,148,2319,873,9,744,32,1,12,14,160,13,0,0,0,0,
1,20,0,153,4279,956,5,871,33,1,12,14,169,13,0,0,0,0,
1,21,0,158,5176,1055,10,1109,33,1,12,14,185,14,0,0,0,0,
1,22,0,163,3284,1126,5,1277,35,1,12,16,201,14,0,0,0,0,
1,23,0,165,4133,1178,8,1620,35,1,12,16,212,14,0,0,0,0,
1,24,1,0,5765,1290,5,1713,37,1,12,16,225,14,0,0,0,0,
1,25,1,17,6498,1384,9,1771,43,1,12,16,249,15,0,0,0,0,
1,26,1,42,11030,1499,35,1864,49,1,12,16,273,15,0,0,0,0,
1,27,1,67,16497,1604,82,1927,55,1,12,16,297,15,0,0,0,0,
1,28,1,78,17462,1735,64,2105,61,1,12,16,321,16,0,0,0,0,
1,29,1,83,20223,1814,62,2395,67,1,12,16,345,16,0,0,0,0,
1,30,1,88,17903,1927,10,2563,73,1,12,16,369,16,0,0,0,0,
1,31,1,93,16749,1996,4,2766,76,1,12,16,393,16,0,0,0,0,
1,32,1,98,16780,2107,8,2864,76,1,12,16,417,16,0,0,0,0,
1,33,1,103,12543,2197,5,2967,77,1,12,16,441,16,0,0,0,0,
1,34,1,108,9569,2280,9,3070,77,1,12,16,465,16,0,1,0,0,
1,35,1,113,7109,2350,11,3565,77,1,12,16,487,16,0,1,0,0,
1,36,1,118,9664,2472,15,3710,77,1,12,16,503,16,0,1,0,0,
1,37,1,123,8914,2557,6,4030,78,1,12,16,524,16,0,1,0,0,
1,38,1,128,11276,2659,9,4315,78,1,12,16,544,16,0,1,0,0,
1,39,1,133,10778,2764,14,4353,78,1,12,16,569,16,0,1,0,0,
1,40,1,138,10980,2857,6,4531,79,1,12,16,592,16,0,1,0,0,
1,41,1,143,9745,2922,9,4744,80,1,12,16,616,16,0,1,0,0,
1,42,1,148,11557,3012,13,4887,80,1,12,16,636,16,0,1,0,0,
1,43,1,153,12803,3119,5,5030,81,1,12,16,660,16,0,1,0,0,
2,1,0,0,601,17,1,35,0,1,1,14,1,18,0,0,0,0,
2,2,0,17,502,28,1,169,3,1,8,14,2,18,0,0,0,0,
2,3,0,34,946,68,4,198,6,1,9,14,8,18,0,0,0,0,
2,4,0,51,1038,94,5,202,10,1,12,14,14,18,0,0,0,0,
2,5,0,68,1113,126,5,206,14,1,12,14,23,18,0,0,0,0,
2,6,0,83,633,154,5,214,19,1,12,14,36,18,0,0,0,0,
2,7,0,88,790,182,5,222,21,1,12,14,43,18,0,0,0,0,
2,8,0,93,858,221,3,231,22,1,12,14,47,18,0,0,0,0,
2,9,0,98,883,227,6,657,25,1,12,14,56,18,0,0,0,0,
2,10,0,103,1938,284,3,743,26,1,12,14,60,18,0,0,0,0,
2,11,0,108,1683,339,4,759,27,1,12,14,69,18,0,0,0,0,
2,12,0,113,1798,399,7,775,27,1,12,14,77,19,0,0,0,0,
2,13,0,118,3422,475,9,823,28,1,12,14,86,19,0,0,0,0,
2,14,0,123,2856,553,6,875,29,1,12,14,100,19,0,0,0,0,
2,15,0,128,2281,634,10,892,29,1,12,14,113,19,0,0,0,0,
2,16,0,133,3281,721,4,909,31,1,12,14,124,20,0,0,0,0,
2,17,0,138,4111,834,6,935,33,1,12,14,139,20,0,0,0,0,
2,18,0,143,3443,916,10,996,33,1,12,14,155,20,0,0,0,0,
2,19,0,148,3904,998,7,1057,34,1,12,16,168,20,0,0,0,0,
2,20,0,153,2524,1076,6,1089,35,1,12,16,182,20,0,0,0,0,
2,21,0,158,3762,1166,10,1127,35,1,12,16,192,21,0,0,0,0,
2,22,0,163,5561,1260,7,1514,36,1,12,16,206,21,0,0,0,0,
2,23,0,165,5112,1345,3,1691,37,1,12,16,222,21,0,0,0,0,
2,24,1,0,6988,1438,3,1931,38,1,12,16,238,21,0,0,0,0,
2,25,1,17,11032,1550,10,2246,44,1,12,16,262,22,0,0,0,0,
2,26,1,42,15535,1632,39,2387,50,1,12,16,286,22,0,0,0,0,
2,27,1,59,18064,1711,37,2524,56,1,12,16,310,22,0,0,0,0,
2,28,1,78,23997,1822,66,2766,62,1,12,16,334,22,0,0,0,0,
2,29,1,83,30821,1924,63,3175,68,1,12,16,358,23,0,1,0,0,
2,30,1,88,35214,2055,24,3246,74,1,12,16,382,23,0,1,0,0,
2,31,1,93,35302,2173,4,3282,76,1,12,16,406,23,0,1,0,0,
2,32,1,98,33968,2279,8,3318,76,1,12,16,430,23,0,1,0,0,
2,33,1,103,35559,2372,5,3459,77,1,12,16,454,24,0,1,0,0,
2,34,1,108,33090,2444,8,3495,77,1,12,16,478,24,0,0,0,0,
2,35,1,113,31880,2557,13,3601,77,1,12,16,502,24,0,1,0,0,
2,36,1,118,31831,2673,5,3637,78,1,12,16,526,24,0,0,0,0,
2,37,1,123,33037,2789,11,3673,80,1,12,16,550,25,0,0,0,0,
2,38,1,128,26578,2845,14,3709,80,1,12,16,574,25,0,0,0,0,
2,39,1,133,25028,2925,6,3850,81,1,12,16,598,25,0,0,0,0,
2,40,1,138,24571,3004,10,4122,81,1,12,16,622,25,0,1,0,0,
2,41,1,143,25120,3103,15,4149,82,1,12,16,646,26,0,1,0,0,
2,42,1,148,24242,3197,6,4181,83,1,12,16,670,26,0,1,0,0,
3,1,0,0,509,6,1,35,0,1,1,14,1,15,0,0,0,0,
3,2,0,17,666,21,1,99,3,1,8,14,1,15,0,0,0,0,
3,3,0,34,617,32,3,163,6,1,10,14,7,15,0,0,0,0,
3,4,0,51,548,58,2,167,11,1,13,14,11,15,0,0,0,0,
3,5,0,68,626,99,6,171,14,1,13,14,18,15,0,0,0,0,
3,6,0,83,761,131,6,179,19,1,13,14,28,15,0,0,0,0,
3,7,0,88,793,165,6,187,21,1,13,14,35,15,0,0,0,0,
3,8,0,93,487,196,4,195,23,1,13,14,41,15,0,0,0,0,
3,9,0,98,2047,232,3,271,26,1,13,14,49,15,0,0,0,0,
3,10,0,103,1503,294,4,287,27,1,13,14,60,15,0,0,0,0,
3,11,0,108,1311,353,7,303,27,1,13,14,68,15,0,0,0,0,
3,12,0,113,1840,426,6,324,28,1,13,14,75,16,0,0,0,0,
3,13,0,118,2347,512,11,341,28,1,13,14,84,16,0,0,0,0,
3,14,0,123,1727,580,7,363,29,1,13,14,94,16,0,0,0,0,
3,15,0,128,1814,643,4,385,30,1,13,14,103,16,0,0,0,0,
3,16,0,133,1882,723,8,407,30,1,13,14,111,17,0,0,0,0,
3,17,0,138,2163,804,8,470,32,1,13,14,122,17,0,0,0,0,
3,18,0,143,2339,884,5,498,33,1,13,14,131,17,0,0,0,0,
3,19,0,148,2958,966,9,561,33,1,13,14,141,17,0,0,0,0,
3,20,0,153,3657,1025,5,770,34,1,13,16,153,18,0,0,0,0,
3,21,0,158,5957,1106,5,1054,35,1,13,16,166,18,0,0,0,0,
3,22,0,163,6413,1191,9,1233,35,1,13,16,183,18,0,0,0,0,
3,23,0,165,10050,1284,6,1657,36,1,13,16,201,19,0,0,0,0,
3,24,1,0,8315,1374,7,1794,37,1,13,16,225,19,0,0,0,0,
3,25,1,17,12906,1429,12,2216,43,1,13,16,249,19,0,0,0,0,
3,26,1,42,16896,1481,28,2778,49,1,13,16,273,19,0,0,0,0,
3,27,1,59,32877,1638,42,3095,55,1,13,16,297,20,0,0,0,0,
3,28,1,78,44248,1790,73,3272,61,1,13,16,321,20,0,0,0,0,
3,29,1,83,51199,1849,70,4141,67,1,13,16,346,20,0,1,0,0,
3,30,1,88,58838,1944,31,4528,73,1,13,16,370,21,0,1,0,0,
4,1,0,0,597,6,1,70,0,1,1,14,1,13,0,0,0,0,
4,2,0,17,376,17,1,99,3,1,8,14,2,13,0,0,0,0,
4,3,0,34,441,39,2,128,6,1,9,14,7,13,0,0,0,0,
4,4,0,51,496,62,3,132,10,1,12,14,10,13,0,0,0,0,
4,5,0,68,603,95,5,136,14,1,12,14,17,13,0,0,0,0,
4,6,0,83,1278,123,6,179,19,1,14,14,25,13,0,0,0,0,
4,7,0,88,800,153,6,187,21,1,14,14,35,13,0,0,0,0,
4,8,0,93,908,201,5,195,24,1,14,14,44,13,0,0,0,0,
4,9,0,98,1088,250,6,236,25,1,14,14,51,13,0,0,0,0,
4,10,0,103,1189,304,3,252,26,1,14,14,56,13,0,0,0,0,
4,11,0,108,1228,353,6,268,26,1,14,14,62,13,0,0,0,0,
4,12,0,113,1331,408,4,290,27,1,14,14,69,14,0,0,0,0,
4,13,0,118,1295,464,7,308,27,1,14,14,76,14,0,0,0,0,
4,14,0,123,1887,527,4,366,28,1,14,14,83,14,0,0,0,0,
4,15,0,128,1850,588,5,389,29,1,14,14,94,15,0,0,0,0,
4,16,0,133,2688,669,10,447,29,1,14,14,102,15,0,0,0,0,
4,17,0,138,2271,744,10,470,31,1,14,14,116,15,0,0,0,0,
4,18,0,143,3702,836,7,498,32,1,14,14,126,15,0,0,0,0,
4,19,0,148,2204,914,4,526,33,1,14,14,140,16,0,0,0,0,
4,20,0,153,2741,991,8,595,33,1,14,14,150,16,0,0,0,0,
4,21,0,158,2184,1070,5,634,34,1,14,16,161,16,0,0,0,0,
4,22,0,163,1237,1112,2,673,35,1,14,16,170,17,0,0,0,0,
4,23,0,165,2538,1190,6,748,35,1,14,16,175,17,0,0,0,0,
4,24,1,0,4617,1269,6,886,36,1,14,16,184,17,0,0,0,0,
4,25,1,17,4395,1365,12,923,42,1,14,16,207,18,0,0,0,0,
4,26,1,42,6620,1454,38,961,48,1,14,16,231,18,0,0,0,0,
4,27,1,67,9460,1585,88,999,54,1,14,16,255,18,0,0,0,0,
4,28,1,78,9614,1725,70,1152,60,1,14,16,279,18,0,0,0,0,
4,29,1,83,10718,1810,69,1417,66,1,14,16,303,19,0,0,0,0,
4,30,1,88,6868,1904,18,1525,72,1,14,16,327,19,0,0,0,0,
4,31,1,93,5173,1990,12,1598,73,1,14,16,344,19,0,0,0,0,
4,32,1,98,6512,2090,7,1671,76,1,14,16,361,20,0,0,0,0,
4,33,1,103,3884,2168,4,1744,77,1,14,16,377,20,0,0,0,0,
4,34,1,108,3912,2249,8,1817,77,1,14,16,388,20,0,0,0,0,
4,35,1,113,2802,2324,12,1925,77,1,14,16,399,20,0,0,0,0,
4,36,1,118,4594,2431,4,1963,78,1,14,16,408,21,0,0,0,0,
4,37,1,123,6159,2539,8,2036,78,1,14,16,420,21,0,0,0,0,
4,38,1,128,3035,2617,12,2109,78,1,14,16,436,21,0,0,0,0,
4,39,1,133,5795,2727,4,2182,79,1,14,16,445,22,0,0,0,0,
4,40,1,138,3890,2834,8,2220,79,1,14,16,460,22,0,0,0,0,
4,41,1,143,3350,2929,13,2258,80,1,14,16,475,22,0,0,0,0,
4,42,1,148,3274,3020,5,2331,81,1,14,16,484,22,0,0,0,0,
4,43,1,153,3618,3107,9,2369,81,1,14,16,493,23,0,0,0,0,
4,44,1,158,6246,3221,13,2415,81,1,14,16,503,23,0,0,0,0,
4,45,1,163,3072,3305,5,2461,82,1,14,16,518,23,0,0,0,0,
4,46,1,165,3974,3396,9,2542,82,1,14,16,526,23,0,0,0,0,
4,47,2,0,4874,3489,7,2623,83,1,14,16,536,23,0,0,0,0,
4,48,2,17,7541,3585,5,2696,89,1,14,16,560,23,0,0,0,0,
4,49,2,34,9947,3678,18,2734,95,1,14,16,584,23,0,0,0,0,
4,50,2,59,21029,3857,68,2772,101,1,14,16,608,23,0,0,0,0,
4,51,2,76,25756,3973,32,2953,107,1,14,16,633,23,0,0,0,0,
4,52,2,83,24099,4080,15,3174,110,2,14,32,657,23,0,0,0,0,
4,53,2,88,22595,4123,15,3430,113,2,17,32,678,23,0,0,0,0,
4,54,2,93,22446,4223,3,3756,114,2,17,32,703,23,0,1,0,0,
4,55,2,98,31855,4298,11,4319,117,3,17,48,727,23,0,1,0,0,
4,56,2,103,29274,4400,13,4742,117,3,21,48,747,23,0,1,0,0,
4,57,2,108,23998,4477,16,5033,117,3,25,48,768,23,0,1,0,0,
4,58,2,113,19383,4539,2,5639,118,4,29,64,788,23,0,1,0,0,
4,59,2,118,16654,4588,4,6350,118,4,33,64,808,23,0,1,0,0,
4,60,2,123,10189,4646,6,6571,118,4,37,64,829,23,0,1,0,0,
4,61,2,128,12181,4743,9,7064,118,4,41,64,846,23,0,1,0,0,
4,62,2,133,17799,4821,12,7592,118,5,45,80,861,23,0,1,0,0,
4,63,2,138,20528,4878,14,8365,118,5,49,80,881,23,0,1,0,0,
4,64,2,143,28605,4969,2,9181,119,5,53,80,902,23,0,1,0,0,
4,65,2,148,33996,5072,5,9787,119,5,57,80,922,23,0,1,0,0,
4,66,2,153,41810,5182,8,10288,119,6,61,96,942,23,0,1,0,0,
4,67,2,158,53037,5317,8,10859,122,6,65,108,963,23,0,1,0,0,
4,68,2,163,56618,5363,10,11737,122,6,69,108,983,23,0,1,0,0,
5,1,0,0,1066,4,1,105,0,1,1,14,1,18,0,0,0,0,
5,2,0,17,703,19,2,134,3,1,9,14,4,18,0,0,0,0,
5,3,0,34,904,56,2,163,7,1,9,14,12,18,0,0,0,0,
5,4,0,51,1157,75,5,167,10,1,12,14,18,18,0,0,0,0,
5,5,0,68,1425,134,7,171,14,1,14,14,26,18,0,0,0,0,
5,6,0,83,747,158,2,180,20,1,14,14,40,18,0,0,0,0,
5,7,0,88,808,184,2,189,22,1,14,14,48,18,0,0,0,0,
5,8,0,93,931,223,4,198,24,1,14,14,57,18,0,0,0,0,
5,9,0,98,1693,292,8,234,25,1,14,14,64,18,0,0,0,0,
5,10,0,103,1119,340,5,251,26,1,14,14,73,18,0,0,0,0,
5,11,0,108,1318,395,8,268,26,1,14,14,79,18,0,0,0,0,
5,12,0,113,1429,453,6,285,27,1,14,14,86,18,0,0,0,0,
5,13,0,118,1586,514,7,299,28,1,14,14,95,18,0,0,0,0,
5,14,0,123,1631,579,3,318,29,1,14,14,102,19,0,0,0,0,
5,15,0,128,1776,647,7,337,29,1,14,14,110,19,0,0,0,0,
5,16,0,133,2428,710,3,426,30,1,14,14,118,19,0,0,0,0,
5,17,0,138,2255,784,7,445,32,1,14,14,132,19,0,0,0,0,
5,18,0,143,3332,861,4,509,33,1,14,14,142,19,0,0,0,0,
5,19,0,148,2313,936,5,538,34,1,14,16,157,20,0,0,0,0,
5,20,0,153,2302,1012,4,602,35,1,14,16,166,20,0,0,0,0,
5,21,0,158,2473,1087,8,631,35,1,14,16,175,20,0,0,0,0,
5,22,0,163,3726,1203,7,695,36,1,14,16,185,20,0,0,0,0,
5,23,0,165,2575,1282,4,719,37,1,14,16,199,21,0,0,0,0,
5,24,1,0,3999,1360,5,813,38,1,14,16,208,21,0,0,0,0,
5,25,1,17,4358,1443,10,872,44,1,14,16,229,21,0,0,0,0,
5,26,1,42,7425,1562,38,901,50,1,14,16,253,21,0,0,0,0,
5,27,1,67,8718,1639,83,970,56,1,14,16,277,22,0,0,0,0,
5,28,1,78,8608,1764,78,1038,62,1,14,16,301,22,0,0,0,0,
5,29,1,83,11830,1881,74,1413,68,1,14,16,325,22,0,0,0,0,
5,30,1,88,9258,1949,29,1446,74,1,14,16,349,22,0,0,0,0,
5,31,1,93,5800,2029,9,1553,76,1,14,16,372,22,0,0,0,0,
5,32,1,98,3176,2126,6,1590,77,1,14,16,388,23,0,0,0,0,
5,33,1,103,2945,2211,10,1628,77,1,14,16,397,23,0,0,0,0,
5,34,1,108,3454,2293,14,1701,77,1,14,16,406,23,0,0,0,0,
5,35,1,113,4104,2376,6,1774,78,1,14,16,416,23,0,0,0,0,
5,36,1,118,5628,2470,10,1847,78,1,14,16,427,24,0,0,0,0,
5,37,1,123,6413,2560,14,1955,78,1,14,16,442,24,0,0,0,0,
5,38,1,128,4865,2651,6,2030,79,1,14,16,458,24,0,0,0,0,
5,39,1,133,4386,2738,9,2245,79,1,14,16,471,25,0,0,0,0,
5,40,1,138,8268,2838,14,2495,79,1,14,16,482,25,0,0,0,0,
5,41,1,143,7109,2925,7,2611,81,1,14,16,504,25,0,0,0,0,
5,42,1,148,8734,3028,11,2719,81,1,14,16,520,25,0,0,0,0,
5,43,1,153,9182,3139,15,2827,81,1,14,16,538,26,0,0,0,0,
5,44,1,158,11749,3213,6,3075,83,1,14,16,561,26,0,0,0,0,
5,45,1,163,6591,3286,9,3113,83,1,14,16,585,26,0,0,0,0,
5,46,1,165,8081,3358,12,3326,83,1,14,16,601,26,0,0,0,0,
5,47,2,0,9194,3447,4,3469,85,1,14,16,617,27,0,0,0,0,
5,48,2,17,14210,3528,7,3508,90,1,14,16,641,27,0,0,0,0,
5,49,2,34,18568,3613,20,3652,96,1,14,16,665,27,0,0,0,0,
5,50,2,59,32009,3726,90,3831,102,1,14,16,689,27,0,0,0,0,
5,51,2,76,41361,3901,54,4118,108,1,14,16,714,27,0,0,0,0,
5,52,2,83,49359,4055,14,4439,114,2,14,32,738,28,0,1,0,0,
5,53,2,88,54268,4161,9,4725,116,2,17,32,759,28,0,1,0,0,
6,1,0,0,602,19,1,35,0,1,1,14,1,12,0,0,0,0,
6,2,0,17,544,38,1,99,3,1,8,14,2,12,0,0,0,0,
6,3,0,34,866,79,2,128,7,1,9,14,8,12,0,0,0,0,
6,4,0,51,2655,99,4,202,10,1,9,14,11,12,0,0,0,0,
6,5,0,68,1893,144,5,206,15,1,12,14,23,12,0,0,0,0,
6,6,0,83,789,160,4,355,21,1,12,14,39,12,0,0,0,0,
6,7,0,88,954,218,2,364,23,1,12,14,46,12,0,0,0,0,
6,8,0,93,2476,273,3,513,24,1,12,14,52,12,0,0,0,0,
6,9,0,98,1231,321,7,549,26,1,12,14,68,12,0,0,0,0,
6,10,0,103,2215,376,3,595,27,1,12,14,74,12,0,0,0,0,
6,11,0,108,2798,450,6,606,28,1,12,14,84,12,0,0,0,0,
6,12,0,113,2173,514,4,617,29,1,12,14,96,12,0,0,0,0,
6,13,0,118,3701,616,9,661,29,1,12,14,105,12,0,0,0,0,
6,14,0,123,2467,683,6,775,30,1,12,14,120,12,0,0,0,0,
6,15,0,128,2235,752,9,924,30,1,12,14,130,12,0,0,0,0,
6,16,0,133,6334,821,5,1073,31,1,12,14,140,12,0,0,0,0,
6,17,0,138,12612,917,5,1712,33,1,12,16,161,12,0,0,0,0,
6,18,0,143,17243,963,2,2255,34,1,12,16,185,13,0,0,0,0,
6,19,0,148,18485,1049,5,2483,34,1,12,16,209,13,0,0,0,0,
6,20,0,153,29154,1134,4,3065,35,1,12,16,233,13,0,0,0,0,
6,21,0,158,31003,1221,8,3297,35,1,12,16,257,14,0,0,0,0,
6,22,0,163,32959,1296,5,3529,36,1,12,16,281,14,0,0,0,0,
7,1,0,0,264,14,1,0,0,1,1,14,1,18,0,0,0,0,
7,2,0,17,436,40,1,29,3,1,6,14,1,18,0,0,0,0,
7,3,0,34,578,63,1,68,7,1,9,14,5,18,0,0,0,0,
7,4,0,51,484,86,2,72,11,1,12,14,10,18,0,0,0,0,
7,5,0,68,1285,117,6,111,14,1,12,14,17,18,0,0,0,0,
7,6,0,83,1025,157,4,119,20,1,14,14,29,18,0,0,0,0,
7,7,0,88,1302,201,4,152,22,1,14,14,38,18,0,0,0,0,
7,8,0,93,472,225,7,335,25,1,14,14,51,18,0,0,0,0,
7,9,0,98,2369,278,4,370,27,1,14,14,55,18,0,0,0,0,
7,10,0,103,2208,345,4,386,28,1,14,14,67,18,0,0,0,0,
7,11,0,108,1590,395,7,437,28,1,14,14,77,18,0,0,0,0,
7,12,0,113,1458,457,5,453,29,1,14,14,85,18,0,0,0,0,
7,13,0,118,2496,516,8,501,29,1,14,14,92,18,0,0,0,0,
7,14,0,123,2687,574,4,624,30,1,14,14,105,19,0,0,0,0,
7,15,0,128,1898,638,8,642,30,1,14,14,118,19,0,0,0,0,
7,16,0,133,2777,714,5,695,31,1,14,14,126,19,0,0,0,0,
7,17,0,138,4623,821,6,818,33,1,14,14,140,19,0,0,0,0,
7,18,0,143,4294,890,10,986,33,1,14,14,156,19,0,0,0,0,
7,19,0,148,4788,951,6,1154,35,1,14,16,172,20,0,0,0,0,
7,20,0,153,4780,1058,11,1217,35,1,14,16,188,20,0,0,0,0,
7,21,0,158,6423,1149,8,1385,36,1,14,16,204,20,0,0,0,0,
7,22,0,163,9050,1224,5,1583,37,1,14,16,221,20,0,0,0,0,
7,23,0,165,10989,1326,9,1786,37,1,14,16,245,21,0,0,0,0,
8,1,0,0,1014,0,1,140,0,1,1,14,1,16,0,0,0,0,
8,2,0,17,630,19,2,169,3,1,9,14,4,16,0,0,0,0,
8,3,0,34,978,45,2,198,6,1,9,14,11,16,0,0,0,0,
8,4,0,51,1650,98,3,202,9,1,12,14,17,16,0,0,0,0,
8,5,0,68,1554,143,5,276,14,1,12,14,29,16,0,0,0,0,
8,6,0,83,749,182,5,285,19,1,12,14,43,16,0,0,0,0,
8,7,0,88,1248,239,5,364,21,1,12,14,51,16,0,0,0,0,
8,8,0,93,1127,292,3,408,22,1,12,14,57,16,0,0,0,0,
8,9,0,98,2247,359,4,479,25,1,12,14,67,16,0,0,0,0,
8,10,0,103,2179,411,4,601,26,1,12,14,79,16,0,0,0,0,
8,11,0,108,2796,481,7,723,26,1,12,14,89,16,0,0,0,0,
8,12,0,113,3309,565,5,810,27,1,12,14,101,16,0,0,0,0,
8,13,0,118,3609,647,8,859,27,1,12,14,115,16,0,0,0,0,
8,14,0,123,5320,777,7,948,28,1,12,14,130,17,0,0,0,0,
8,15,0,128,3021,861,4,1002,29,1,12,14,147,17,0,0,0,0,
8,16,0,133,3623,956,8,1021,29,1,12,14,158,17,0,0,0,0,
8,17,0,138,3761,1066,8,1040,31,1,12,14,174,17,0,0,0,0,
8,18,0,143,2604,1139,4,1168,32,1,12,14,188,18,0,0,0,0,
8,19,0,148,4859,1251,8,1197,32,1,12,14,197,18,0,0,0,0,
8,20,0,153,3602,1338,5,1261,33,1,12,14,213,18,0,0,0,0,
8,21,0,158,4895,1443,10,1395,33,1,12,14,225,18,0,0,0,0,
8,22,0,163,5663,1584,9,1489,34,1,12,16,241,19,0,0,0,0,
8,23,0,165,6287,1690,8,1583,35,1,12,16,257,19,0,0,0,0,
8,24,1,0,5845,1768,4,1822,37,1,12,16,273,19,0,0,0,0,
8,25,1,17,6284,1827,7,2026,43,1,12,16,297,19,0,0,0,0,
8,26,1,42,10807,1928,31,2055,49,1,12,16,321,19,0,0,0,0,
8,27,1,59,12074,2046,43,2084,55,1,12,16,345,20,0,0,0,0,
8,28,1,78,14322,2178,73,2148,61,1,12,16,369,20,0,0,0,0,
8,29,1,83,16815,2244,70,2663,67,1,12,16,393,20,0,0,0,0,
8,30,1,88,14572,2333,31,2836,73,1,12,16,417,20,0,0,0,0,
8,31,1,93,14987,2466,14,2974,75,1,12,16,441,21,0,0,0,0,
8,32,1,98,15283,2614,8,3112,76,1,12,16,465,21,0,0,0,0,
8,33,1,103,12481,2718,5,3250,77,1,12,16,489,21,0,0,0,0,
8,34,1,108,11051,2838,9,3283,77,1,12,16,514,21,0,0,0,0,
8,35,1,113,9699,2966,13,3329,77,1,12,16,538,22,0,0,0,0,
8,36,1,118,7265,3072,5,3409,78,1,12,16,559,22,0,0,0,0,
8,37,1,123,5124,3149,8,3559,78,1,12,16,575,22,0,0,0,0,
8,38,1,128,4313,3243,12,3604,78,1,12,16,588,23,0,0,0,0,
8,39,1,133,7676,3360,4,3642,79,1,12,16,600,23,0,0,0,0,
8,40,1,138,6512,3464,8,3715,79,1,12,16,616,23,0,0,0,0,
8,41,1,143,9578,3588,14,3858,80,1,12,16,633,23,0,0,0,0,
8,42,1,148,8588,3715,8,3966,81,1,12,16,653,24,0,0,0,0,
8,43,1,153,5391,3809,12,4004,81,1,12,16,671,24,0,0,0,0,
8,44,1,158,4938,3899,4,4077,82,1,12,16,684,24,0,0,0,0,
8,45,1,163,7936,4016,8,4150,82,1,12,16,695,24,0,0,0,0,
8,46,1,165,7792,4108,11,4363,82,1,12,16,711,25,0,0,0,0,
8,47,2,0,6442,4170,8,4681,83,1,12,16,727,25,0,0,0,0,
8,48,2,17,17225,4298,6,4789,89,1,12,16,751,25,0,0,0,0,
8,49,2,34,27610,4407,18,5107,95,1,12,16,775,25,0,0,0,0,
8,50,2,59,38558,4489,88,5180,101,1,12,16,799,26,0,0,0,0,
8,51,2,76,51296,4773,54,5331,107,1,12,16,824,26,0,0,0,0,
8,52,2,83,62751,4906,15,5757,113,2,12,32,848,26,0,1,0,0,
8,53,2,88,64293,4994,10,6048,115,2,16,32,868,26,0,1,0,0,
9,1,0,0,696,6,1,70,0,1,1,14,1,15,0,0,0,0,
9,2,0,17,492,25,1,99,3,1,8,14,2,15,0,0,0,0,
9,3,0,34,448,48,4,128,6,1,9,14,8,15,0,0,0,0,
9,4,0,51,808,81,5,132,10,1,12,14,12,15,0,0,0,0,
9,5,0,68,605,116,5,136,14,1,12,14,20,15,0,0,0,0,
9,6,0,83,701,140,5,180,19,1,12,14,31,15,0,0,0,0,
9,7,0,88,983,172,5,224,21,1,12,14,38,15,0,0,0,0,
9,8,0,93,1509,230,3,232,22,1,12,14,43,15,0,0,0,0,
9,9,0,98,1930,284,4,302,25,1,12,14,55,15,0,0,0,0,
9,10,0,103,1163,342,5,318,26,1,12,14,65,15,0,0,0,0,
9,11,0,108,1305,403,8,334,26,1,12,14,71,15,0,0,0,0,
9,12,0,113,1412,469,4,344,28,1,12,14,80,15,0,0,0,0,
9,13,0,118,1543,538,7,357,28,1,12,14,87,16,0,0,0,0,
9,14,0,123,2161,620,4,405,29,1,12,14,95,16,0,0,0,0,
9,15,0,128,1741,694,8,423,29,1,12,14,106,16,0,0,0,0,
9,16,0,133,2051,767,5,441,30,1,12,14,114,16,0,0,0,0,
9,17,0,138,2081,851,5,464,32,1,12,14,126,17,0,0,0,0,
9,18,0,143,2241,938,9,488,32,1,12,14,135,17,0,0,0,0,
9,19,0,148,4574,1012,5,692,33,1,12,14,144,17,0,0,0,0,
9,20,0,153,3218,1094,9,756,33,1,12,14,160,17,0,0,0,0,
9,21,0,158,5128,1179,5,960,34,1,12,16,172,18,0,0,0,0,
9,22,0,163,4936,1280,4,989,35,1,12,16,188,18,0,0,0,0,
9,23,0,165,5610,1376,9,1153,35,1,12,16,204,18,0,0,0,0,
9,24,1,0,6641,1476,6,1212,37,1,12,16,221,18,0,0,0,0,
9,25,1,17,6750,1588,13,1246,43,1,12,16,245,19,0,0,0,0,
9,26,1,42,11158,1676,38,1420,49,1,12,16,269,19,0,0,0,0,
9,27,1,59,12244,1770,37,1524,55,1,12,16,293,19,0,0,0,0,
9,28,1,78,17188,1864,79,1698,61,1,12,16,317,19,0,0,0,0,
9,29,1,83,19311,2006,59,1887,67,1,12,16,342,20,0,0,0,0,
9,30,1,88,24729,2093,50,2258,73,1,12,16,366,20,0,0,0,0,
9,31,1,93,24421,2159,11,2472,77,1,12,16,390,20,0,0,0,0,
9,32,1,98,21618,2253,14,2756,77,1,12,16,414,21,0,0,0,0,
9,33,1,103,21107,2363,5,2934,78,1,12,16,438,21,0,0,0,0,
9,34,1,108,19909,2473,8,3112,78,1,12,16,463,21,0,0,0,0,
9,35,1,113,16955,2557,10,3220,78,1,12,16,487,21,0,0,0,0,
9,36,1,118,19764,2667,15,3503,78,1,12,16,511,22,0,0,0,0,
9,37,1,123,18590,2781,7,3541,79,1,12,16,535,22,0,0,0,0,
9,38,1,128,13734,2817,9,3789,79,1,12,16,559,22,0,0,0,0,
9,39,1,133,13657,2939,13,3932,79,1,12,16,583,23,0,1,0,0,
9,40,1,138,13726,3002,4,4460,80,1,12,16,607,23,0,1,0,0,
9,41,1,143,14574,3091,9,4570,81,1,12,16,631,23,0,1,0,0,
9,42,1,148,12848,3199,13,4639,81,1,12,16,655,23,0,1,0,0,
9,43,1,153,12917,3291,5,4778,82,1,12,16,679,24,0,1,0,0,
9,44,1,158,18547,3428,12,4818,82,1,12,16,703,24,0,1,0,0,
9,45,1,163,26643,3586,18,4921,82,1,12,16,727,24,0,1,0,0,
10,1,0,0,1089,2,1,105,0,1,1,14,1,18,0,0,0,0,
10,2,0,17,671,19,2,134,3,1,9,14,4,18,0,0,0,0,
10,3,0,34,564,36,4,163,6,1,9,14,12,18,0,0,0,0,
10,4,0,51,1166,65,3,237,9,1,12,14,16,18,0,0,0,0,
10,5,0,68,1061,98,6,276,14,1,12,14,26,18,0,0,0,0,
10,6,0,83,1405,150,2,284,20,1,12,14,38,18,0,0,0,0,
10,7,0,88,900,204,2,292,22,1,12,14,49,18,0,0,0,0,
10,8,0,93,1025,262,6,300,24,1,12,14,58,18,0,0,0,0,
10,9,0,98,1277,314,7,340,25,1,12,14,64,18,0,0,0,0,
10,10,0,103,1727,372,4,390,26,1,12,14,70,18,0,0,0,0,
10,11,0,108,1517,439,7,405,26,1,12,14,79,18,0,0,0,0,
10,12,0,113,2847,548,6,426,27,1,12,14,87,19,0,0,0,0,
10,13,0,118,1719,629,7,444,28,1,12,14,100,19,0,0,0,0,
10,14,0,123,1671,684,2,497,29,1,12,14,108,19,0,0,0,0,
10,15,0,128,2862,758,5,585,29,1,12,14,118,19,0,0,0,0,
10,16,0,133,2909,840,9,642,29,1,12,14,130,19,0,0,0,0,
10,17,0,138,4295,939,6,734,32,1,12,14,145,20,0,0,0,0,
10,18,0,143,4187,1044,10,791,32,1,12,14,161,20,0,0,0,0,
10,19,0,148,5119,1145,7,853,33,1,12,14,176,20,0,0,0,0,
10,20,0,153,4195,1273,5,885,34,1,12,16,192,20,0,0,0,0,
10,21,0,158,2956,1357,4,952,35,1,12,16,207,21,0,0,0,0,
10,22,0,163,3901,1419,7,1084,35,1,12,16,218,21,0,0,0,0,
10,23,0,165,2641,1522,4,1106,36,1,12,16,232,21,0,0,0,0,
10,24,1,0,4334,1607,4,1373,37,1,12,16,242,21,0,0,0,0,
10,25,1,17,7904,1710,9,1605,43,1,12,16,264,22,0,0,0,0,
10,26,1,42,10445,1777,33,1738,49,1,12,16,288,22,0,0,0,0,
10,27,1,67,17247,1950,81,1806,55,1,12,16,312,22,0,0,0,0,
10,28,1,78,20181,2087,62,2094,61,1,12,16,336,22,0,0,0,0,
10,29,1,83,25812,2193,72,2428,67,1,12,16,360,22,0,0,0,0,
10,30,1,88,25755,2305,35,2535,73,1,12,16,384,23,0,0,0,0,
10,31,1,93,24759,2362,2,2992,76,1,12,16,408,23,0,0,0,0,
10,32,1,98,26972,2475,5,3239,76,1,12,16,432,23,0,0,0,0,
10,33,1,103,28675,2558,8,3591,76,1,12,16,456,23,0,1,0,0,
10,34,1,108,31133,2652,4,3908,77,1,12,16,480,24,0,1,0,0,
10,35,1,113,39867,2837,11,4155,77,1,12,16,504,24,0,1,0,0,
10,36,1,118,42264,2976,15,4297,77,1,12,16,528,24,0,1,0,0,
10,37,1,123,46431,3124,7,4369,78,1,12,16,552,24,0,1,0,0,
10,38,1,128,42741,3190,9,4476,78,1,12,16,576,25,0,1,0,0,
10,39,1,133,47063,3291,12,4721,78,1,12,16,601,25,0,1,0,0,
